Eplet,Alleles
1C,"C*01:02, C*01:03, C*02:02, C*02:10, C*05:01, C*06:02, C*07:01, C*07:02, C*07:04, C*08:01, C*08:02, C*08:03, C*08:04, C*12:02, C*12:03, C*14:02, C*14:03, C*15:02, C*15:05, C*16:01, C*16:02, C*18:01, C*18:02"
9D,"B*08:01, C*06:02, C*07:01, C*07:02, C*07:04, C*18:01, C*18:02"
9F,"A*01:01, A*02:01, A*02:02, A*02:03, A*02:07, A*02:18, A*03:01, A*03:02, A*32:01, A*36:01, A*74:01, A*80:01, C*01:02, C*01:03"
9H,"B*18:01, B*27:03, B*27:04, B*27:05, B*27:06, B*27:08, B*37:01, B*40:01, B*40:02, B*40:03, B*40:04, B*40:05, B*40:06, B*41:01, B*41:02, B*42:02, B*45:01, B*49:01, B*50:01, B*50:02, B*73:01"
9S,"A*01:02, A*23:01, A*24:02, A*24:03, A*30:01, A*30:02, C*04:01, C*14:02, C*14:03"
9T,"A*29:01, A*29:02, A*31:01, A*33:01, A*33:03"
9Y,"A*02:05, A*02:06, A*02:10, A*11:01, A*11:02, A*25:01, A*26:01, A*26:02, A*26:03, A*34:01, A*34:02, A*43:01, A*66:01, A*66:02, A*68:01, A*68:02, A*69:01, B*07:02, B*07:03, B*07:14, B*13:01, B*13:02, B*14:01, B*14:02, B*15:01, B*15:02, B*15:03, B*15:04, B*15:06, B*15:07, B*15:10, B*15:11, B*15:12, B*15:13, B*15:16, B*15:17, B*15:18, B*15:20, B*15:21, B*15:24, B*15:27, B*35:01, B*35:02, B*35:03, B*35:08, B*35:12, B*38:01, B*38:02, B*39:01, B*39:02, B*39:04, B*39:05, B*39:06, B*39:13, B*42:01, B*44:02, B*44:03, B*46:01, B*47:01, B*48:01, B*48:02, B*51:01, B*51:02, B*52:01, B*53:01, B*54:01, B*55:01, B*55:02, B*55:04, B*56:01, B*56:03, B*57:01, B*57:03, B*58:01, B*59:01, B*67:01, B*78:01, B*81:01, B*82:01, B*82:02, C*02:02, C*02:10, C*03:02, C*03:03, C*03:04, C*04:03, C*05:01, C*08:01, C*08:02, C*08:03, C*08:04, C*12:02, C*12:03, C*15:02, C*15:05, C*16:01, C*16:02, C*17:01, C*17:03"
11AV,"B*14:02, C*02:02, C*02:10, C*03:02, C*03:03, C*03:04, C*04:03, C*05:01, C*06:02, C*07:01, C*07:02, C*07:04, C*08:01, C*08:02, C*08:03, C*08:04, C*12:02, C*12:03, C*15:02, C*15:05, C*16:01, C*16:02, C*17:01, C*17:03, C*18:01, C*18:02"
12M,"A*68:02, B*08:01, B*13:01, B*13:02, B*15:01, B*15:02, B*15:03, B*15:04, B*15:06, B*15:07, B*15:10, B*15:11, B*15:12, B*15:13, B*15:16, B*15:17, B*15:18, B*15:20, B*15:21, B*15:24, B*15:27, B*35:01, B*35:02, B*35:03, B*35:08, B*35:12, B*39:04, B*40:01, B*41:01, B*41:02, B*44:02, B*44:03, B*45:01, B*46:01, B*47:01, B*49:01, B*50:01, B*50:02, B*51:01, B*51:02, B*52:01, B*53:01, B*54:01, B*55:01, B*55:02, B*55:04, B*56:01, B*56:03, B*57:01, B*57:03, B*58:01, B*59:01, B*78:01, B*82:01, B*82:02"
14W,C*04:01
16S,"C*02:02, C*02:10, C*04:03"
17S,"A*01:02, A*30:01, A*30:02"
19K,A*11:02
21H,"C*02:02, C*02:10, C*03:02, C*03:03, C*03:04, C*04:03, C*14:03, C*15:02, C*15:05"
24S,"B*07:02, B*07:03, B*07:14, B*08:01, B*14:01, B*14:02, B*15:03, B*15:10, B*15:18, B*18:01, B*37:01, B*38:01, B*38:02, B*39:01, B*39:02, B*39:04, B*39:05, B*39:06, B*39:13, B*42:01, B*42:02, B*48:01, B*48:02, B*67:01, B*81:01, B*82:01, B*82:02, C*01:02, C*01:03, C*06:02, C*07:01, C*07:02, C*07:04, C*18:01, C*18:02"
24T,"B*13:01, B*13:02, B*27:03, B*27:04, B*27:05, B*27:06, B*27:08, B*40:01, B*40:02, B*40:03, B*40:04, B*40:05, B*40:06, B*41:01, B*41:02, B*44:02, B*44:03, B*45:01, B*47:01, B*49:01, B*50:01, B*50:02, B*73:01"
30G,B*18:01
32L,"B*27:03, B*27:04, B*27:05, B*27:06, B*27:08, B*40:01, B*40:02, B*40:03, B*40:04, B*40:05, B*40:06, B*41:01, B*41:02, B*44:02, B*44:03, B*45:01, B*47:01, B*49:01, B*50:01, B*50:02"
35Q,"A*80:01, C*05:01, C*08:01, C*08:02, C*08:03, C*08:04"
41T,"B*13:01, B*13:02, B*40:01, B*40:02, B*40:03, B*40:04, B*40:05, B*40:06, B*41:01, B*41:02, B*44:02, B*44:03, B*45:01, B*47:01, B*49:01, B*50:01, B*50:02"
43R,"A*02:02, A*02:05"
44KM,"A*01:01, A*01:02, A*36:01"
44RM,"A*02:01, A*02:02, A*02:03, A*02:05, A*02:06, A*02:07, A*02:10, A*02:18, A*03:01, A*03:02, A*11:01, A*11:02, A*23:01, A*24:02, A*24:03, A*25:01, A*26:01, A*26:02, A*26:03, A*29:01, A*29:02, A*30:01, A*30:02, A*31:01, A*32:01, A*33:01, A*33:03, A*34:01, A*34:02, A*43:01, A*66:01, A*66:02, A*68:01, A*68:02, A*69:01, A*74:01, A*80:01, B*13:01, B*13:02, B*15:01, B*15:02, B*15:04, B*15:06, B*15:07, B*15:11, B*15:12, B*15:13, B*15:16, B*15:17, B*15:20, B*15:21, B*15:24, B*15:27, B*46:01, B*57:01, B*57:03"
44RMA,"B*13:01, B*13:02, B*15:01, B*15:02, B*15:04, B*15:06, B*15:07, B*15:11, B*15:12, B*15:13, B*15:16, B*15:17, B*15:20, B*15:21, B*15:24, B*15:27, B*46:01, B*57:01, B*57:03"
44RME,"A*02:01, A*02:02, A*02:03, A*02:05, A*02:06, A*02:07, A*02:10, A*02:18, A*03:01, A*03:02, A*11:01, A*11:02, A*23:01, A*24:02, A*24:03, A*25:01, A*26:01, A*26:02, A*26:03, A*29:01, A*29:02, A*30:01, A*30:02, A*31:01, A*32:01, A*33:01, A*33:03, A*34:01, A*34:02, A*43:01, A*66:01, A*66:02, A*68:01, A*68:02, A*69:01, A*74:01, A*80:01"
44RT,"B*18:01, B*35:01, B*35:02, B*35:03, B*35:08, B*35:12, B*37:01, B*51:01, B*51:02, B*52:01, B*53:01, B*58:01, B*78:01"
45EE,"B*07:02, B*07:03, B*07:14, B*08:01, B*14:01, B*14:02, B*15:03, B*15:10, B*15:18, B*27:03, B*27:04, B*27:05, B*27:06, B*27:08, B*38:01, B*38:02, B*39:01, B*39:02, B*39:04, B*39:05, B*39:06, B*39:13, B*42:01, B*42:02, B*48:01, B*48:02, B*55:01, B*55:02, B*55:04, B*56:01, B*56:03, B*59:01, B*67:01, B*73:01, B*81:01, B*82:01, B*82:02"
45KE,"B*40:01, B*40:02, B*40:03, B*40:04, B*40:05, B*40:06, B*41:01, B*41:02, B*44:02, B*44:03, B*45:01, B*47:01, B*49:01, B*50:01, B*50:02"
56E,A*80:01
56R,"A*30:01, A*30:02, A*31:01"
59H,B*27:03
62EE,"A*23:01, A*24:02, A*24:03, A*80:01"
62GE,"A*02:01, A*02:02, A*02:03, A*02:05, A*02:06, A*02:07, A*02:10, A*02:18, B*57:01, B*57:03, B*58:01"
62GK,"A*02:01, A*02:02, A*02:03, A*02:05, A*02:06, A*02:07, A*02:10, A*02:18"
62GRN,"B*57:01, B*57:03, B*58:01"
62LQ,"A*29:01, A*29:02, A*43:01"
62QE,"A*01:01, A*01:02, A*03:01, A*03:02, A*11:01, A*11:02, A*30:01, A*30:02, A*31:01, A*32:01, A*36:01, A*74:01"
62RN,"A*25:01, A*26:01, A*26:02, A*26:03, A*33:01, A*33:03, A*34:01, A*34:02, A*66:01, A*66:02, A*68:01, A*68:02, A*69:01, B*07:02, B*07:03, B*07:14, B*08:01, B*14:01, B*14:02, B*15:02, B*15:10, B*15:11, B*15:13, B*15:18, B*15:21, B*18:01, B*35:01, B*35:02, B*35:03, B*35:08, B*35:12, B*38:01, B*38:02, B*39:01, B*39:04, B*39:05, B*39:06, B*42:01, B*42:02, B*51:01, B*51:02, B*53:01, B*54:01, B*55:01, B*55:02, B*55:04, B*56:01, B*56:03, B*59:01, B*67:01, B*73:01, B*78:01, B*81:01, B*82:01, B*82:02"
62RR,"A*25:01, A*26:01, A*26:02, A*26:03, A*33:01, A*33:03, A*34:01, A*34:02, A*66:01, A*66:02, A*68:01, A*68:02, A*69:01, B*15:16, B*15:17"
63NI,"B*07:02, B*07:03, B*07:14, B*08:01, B*14:01, B*14:02, B*15:02, B*15:10, B*15:11, B*15:13, B*15:18, B*15:21, B*18:01, B*35:01, B*35:02, B*35:03, B*35:08, B*35:12, B*38:01, B*38:02, B*39:01, B*39:04, B*39:05, B*39:06, B*42:01, B*42:02, B*51:01, B*51:02, B*53:01, B*54:01, B*55:01, B*55:02, B*55:04, B*56:01, B*56:03, B*59:01, B*67:01, B*73:01, B*78:01, B*81:01, B*82:01, B*82:02"
65GK,"A*23:01, A*24:02, A*24:03"
65QIA,"B*07:02, B*07:14, B*27:03, B*27:04, B*27:05, B*27:06, B*27:08, B*42:01, B*42:02, B*54:01, B*55:01, B*55:02, B*55:04, B*56:01, B*56:03, B*67:01, B*73:01, B*81:01, B*82:01, B*82:02"
65QKR,"B*46:01, C*01:02, C*01:03, C*02:02, C*02:10, C*03:02, C*03:03, C*03:04, C*04:01, C*04:03, C*05:01, C*06:02, C*07:02, C*07:04, C*08:01, C*08:02, C*08:03, C*08:04, C*12:02, C*12:03, C*14:02, C*14:03, C*16:01, C*16:02, C*17:01, C*17:03, C*18:01, C*18:02"
65RA,"A*01:01, A*01:02, A*02:01, A*02:02, A*02:03, A*02:05, A*02:06, A*02:07, A*02:10, A*02:18, A*03:01, A*03:02, A*11:01, A*11:02, A*25:01, A*26:01, A*26:02, A*26:03, A*29:01, A*29:02, A*30:01, A*30:02, A*31:01, A*32:01, A*33:01, A*33:03, A*34:01, A*34:02, A*36:01, A*43:01, A*66:01, A*66:02, A*68:01, A*68:02, A*69:01, A*74:01, A*80:01, B*15:16, B*15:17, B*57:01, B*57:03, B*58:01"
65RK,"A*02:01, A*02:02, A*02:03, A*02:05, A*02:06, A*02:07, A*02:10, A*02:18, A*34:01"
65RNA,"A*01:01, A*01:02, A*03:01, A*03:02, A*11:01, A*11:02, A*25:01, A*26:01, A*26:02, A*26:03, A*29:01, A*29:02, A*30:01, A*30:02, A*31:01, A*32:01, A*33:01, A*33:03, A*34:02, A*36:01, A*43:01, A*66:01, A*66:02, A*68:01, A*68:02, A*69:01, A*74:01, A*80:01, B*15:16, B*15:17, B*57:01, B*57:03, B*58:01"
66I,"B*07:02, B*07:03, B*07:14, B*08:01, B*13:01, B*13:02, B*14:01, B*14:02, B*15:01, B*15:02, B*15:03, B*15:04, B*15:06, B*15:07, B*15:10, B*15:11, B*15:12, B*15:13, B*15:18, B*15:20, B*15:21, B*15:24, B*15:27, B*18:01, B*27:03, B*27:04, B*27:05, B*27:06, B*27:08, B*35:01, B*35:02, B*35:03, B*35:08, B*35:12, B*37:01, B*38:01, B*38:02, B*39:01, B*39:02, B*39:04, B*39:05, B*39:06, B*39:13, B*40:01, B*40:02, B*40:03, B*40:04, B*40:05, B*40:06, B*41:01, B*41:02, B*42:01, B*42:02, B*44:02, B*44:03, B*45:01, B*47:01, B*48:01, B*48:02, B*49:01, B*50:01, B*50:02, B*51:01, B*51:02, B*52:01, B*53:01, B*54:01, B*55:01, B*55:02, B*55:04, B*56:01, B*56:03, B*59:01, B*67:01, B*73:01, B*78:01, B*81:01, B*82:01, B*82:02"
66IC,"B*14:01, B*14:02, B*15:10, B*15:18, B*15:21, B*27:03, B*27:04, B*27:05, B*27:06, B*27:08, B*38:01, B*38:02, B*39:01, B*39:04, B*39:05, B*39:06, B*73:01"
66IF,"B*08:01, B*35:01, B*35:02, B*35:03, B*35:08, B*35:12, B*51:01, B*51:02, B*53:01, B*59:01, B*78:01"
66IS,"B*13:01, B*13:02, B*15:01, B*15:02, B*15:03, B*15:04, B*15:06, B*15:07, B*15:12, B*15:13, B*15:20, B*15:24, B*15:27, B*18:01, B*37:01, B*39:02, B*39:13, B*40:01, B*40:02, B*40:03, B*40:04, B*40:05, B*40:06, B*41:01, B*41:02, B*44:02, B*44:03, B*45:01, B*47:01, B*48:01, B*48:02, B*49:01, B*50:01, B*50:02, B*52:01"
66IY,"B*07:02, B*07:03, B*07:14, B*15:11, B*42:01, B*42:02, B*54:01, B*55:01, B*55:02, B*55:04, B*56:01, B*56:03, B*67:01, B*81:01, B*82:01, B*82:02"
66K,"A*02:01, A*02:02, A*02:03, A*02:05, A*02:06, A*02:07, A*02:10, A*02:18, A*23:01, A*24:02, A*24:03, A*34:01, B*46:01, C*01:02, C*01:03, C*02:02, C*02:10, C*03:02, C*03:03, C*03:04, C*04:01, C*04:03, C*05:01, C*06:02, C*07:02, C*07:04, C*08:01, C*08:02, C*08:03, C*08:04, C*12:02, C*12:03, C*14:02, C*14:03, C*16:01, C*16:02, C*17:01, C*17:03, C*18:01, C*18:02"
66KA,"A*02:01, A*02:02, A*02:03, A*02:05, A*02:06, A*02:07, A*02:10, A*02:18, A*23:01, A*24:02, A*24:03, A*34:01"
66KH,"A*02:01, A*02:02, A*02:03, A*02:05, A*02:06, A*02:07, A*02:10, A*02:18, A*23:01, A*24:02, A*24:03"
66N,"A*01:01, A*01:02, A*03:01, A*03:02, A*11:01, A*11:02, A*25:01, A*26:01, A*26:02, A*26:03, A*29:01, A*29:02, A*30:01, A*30:02, A*31:01, A*32:01, A*33:01, A*33:03, A*34:02, A*36:01, A*43:01, A*66:01, A*66:02, A*68:01, A*68:02, A*69:01, A*74:01, A*80:01, B*15:16, B*15:17, B*57:01, B*57:03, B*58:01, C*07:01, C*15:02, C*15:05"
66NH,"A*01:01, A*01:02, A*25:01, A*26:01, A*26:02, A*26:03, A*30:02, A*31:01, A*32:01, A*33:01, A*33:03, A*36:01, A*43:01, A*74:01, A*80:01"
66NM,"A*01:01, A*01:02, A*36:01, B*15:16, B*15:17, B*57:01, B*57:03, B*58:01"
66NV,"A*03:01, A*03:02, A*11:01, A*11:02, A*25:01, A*26:01, A*26:02, A*26:03, A*29:01, A*29:02, A*30:01, A*30:02, A*31:01, A*32:01, A*33:01, A*33:03, A*34:02, A*43:01, A*66:01, A*66:02, A*68:01, A*68:02, A*69:01, A*74:01, A*80:01"
69AA,"B*07:02, B*07:14, B*15:16, B*15:17, B*27:03, B*27:04, B*27:05, B*27:06, B*27:08, B*42:01, B*42:02, B*54:01, B*55:01, B*55:02, B*55:04, B*56:01, B*56:03, B*57:01, B*57:03, B*58:01, B*67:01, B*73:01, B*81:01, B*82:01, B*82:02"
69RA,"C*04:01, C*04:03, C*06:02, C*07:01, C*07:02, C*07:04, C*12:02, C*12:03, C*17:01, C*17:03, C*18:01, C*18:02"
69RT,"B*46:01, C*01:02, C*01:03, C*02:02, C*02:10, C*03:02, C*03:03, C*03:04, C*05:01, C*08:01, C*08:02, C*08:03, C*08:04, C*14:02, C*14:03, C*15:02, C*15:05, C*16:01, C*16:02"
69TNT,"B*07:03, B*08:01, B*13:01, B*13:02, B*14:01, B*14:02, B*15:01, B*15:02, B*15:03, B*15:04, B*15:06, B*15:07, B*15:10, B*15:11, B*15:12, B*15:13, B*15:18, B*15:20, B*15:21, B*15:24, B*15:27, B*18:01, B*35:01, B*35:02, B*35:03, B*35:08, B*35:12, B*37:01, B*38:01, B*38:02, B*39:01, B*39:02, B*39:04, B*39:05, B*39:06, B*39:13, B*40:01, B*40:02, B*40:03, B*40:04, B*40:05, B*40:06, B*41:01, B*41:02, B*44:02, B*44:03, B*45:01, B*47:01, B*48:01, B*48:02, B*49:01, B*50:01, B*50:02, B*51:01, B*51:02, B*52:01, B*53:01, B*59:01, B*78:01"
70IAQ,"B*07:02, B*07:14, B*42:01, B*42:02, B*54:01, B*55:01, B*55:02, B*55:04, B*56:01, B*56:03, B*67:01, B*81:01, B*82:01, B*82:02"
71ATD,"B*27:03, B*27:05"
71HS,"A*01:01, A*01:02, A*02:01, A*02:02, A*02:03, A*02:05, A*02:06, A*02:07, A*02:10, A*02:18, A*23:01, A*24:02, A*24:03, A*25:01, A*26:01, A*26:02, A*26:03, A*30:02, A*31:01, A*32:01, A*33:01, A*33:03, A*36:01, A*43:01, A*74:01, A*80:01"
71KA,"B*27:03, B*27:04, B*27:05, B*27:06, B*27:08, B*73:01"
71QS,"A*03:01, A*03:02, A*11:01, A*11:02, A*29:01, A*29:02, A*30:01, A*34:01, A*34:02, A*66:01, A*66:02, A*68:01, A*68:02, A*69:01"
71SA,"B*15:16, B*15:17, B*57:01, B*57:03, B*58:01"
71TD,"B*37:01, B*47:01"
71TN,"B*13:01, B*13:02, B*15:13, B*15:24, B*38:01, B*38:02, B*44:02, B*44:03, B*49:01, B*51:01, B*51:02, B*52:01, B*53:01, B*59:01"
71TTS,"B*07:03, B*08:01, B*14:01, B*14:02, B*15:01, B*15:02, B*15:03, B*15:04, B*15:06, B*15:07, B*15:10, B*15:11, B*15:12, B*15:18, B*15:20, B*15:21, B*15:27, B*18:01, B*35:01, B*35:02, B*35:03, B*35:08, B*35:12, B*39:01, B*39:02, B*39:04, B*39:05, B*39:06, B*39:13, B*40:01, B*40:02, B*40:03, B*40:04, B*40:05, B*40:06, B*41:01, B*41:02, B*45:01, B*48:01, B*48:02, B*50:01, B*50:02, B*78:01"
73AN,"C*04:01, C*04:03, C*06:02, C*17:01, C*17:03, C*18:01, C*18:02"
73AS,"C*07:01, C*07:02, C*07:04, C*12:02, C*12:03"
73ID,"A*31:01, A*33:01, A*33:03"
73TVS,"B*46:01, C*01:02, C*01:03, C*03:02, C*03:03, C*03:04, C*08:01, C*08:02, C*08:03, C*08:04, C*14:02, C*14:03, C*16:01"
74Y,"B*13:01, B*13:02, B*15:01, B*15:02, B*15:03, B*15:04, B*15:06, B*15:07, B*15:10, B*15:11, B*15:12, B*15:13, B*15:16, B*15:17, B*15:18, B*15:20, B*15:21, B*15:24, B*15:27, B*18:01, B*35:01, B*35:02, B*35:03, B*35:08, B*35:12, B*37:01, B*38:01, B*38:02, B*39:05, B*39:13, B*40:01, B*40:02, B*40:03, B*40:04, B*40:05, B*40:06, B*41:01, B*41:02, B*44:02, B*44:03, B*45:01, B*47:01, B*48:01, B*48:02, B*49:01, B*50:01, B*50:02, B*51:01, B*51:02, B*52:01, B*53:01, B*57:01, B*57:03, B*58:01, B*59:01"
76ANT,"A*01:01, A*01:02, A*26:01, A*26:02, A*29:01, A*29:02, A*36:01, A*43:01, A*80:01"
76ED,"B*27:03, B*27:05, B*37:01, B*47:01"
76EG,A*30:02
76EN,"A*23:01, A*24:02, A*24:03, A*30:02, B*13:01, B*13:02, B*15:13, B*15:16, B*15:17, B*15:24, B*38:01, B*38:02, B*44:02, B*44:03, B*49:01, B*51:01, B*51:02, B*52:01, B*53:01, B*57:01, B*57:03, B*58:01, B*59:01"
76ES,"A*25:01, A*32:01, B*07:02, B*07:03, B*07:14, B*08:01, B*14:01, B*14:02, B*15:01, B*15:02, B*15:03, B*15:04, B*15:06, B*15:07, B*15:10, B*15:11, B*15:12, B*15:18, B*15:20, B*15:21, B*15:27, B*18:01, B*27:04, B*27:06, B*27:08, B*35:01, B*35:02, B*35:03, B*35:08, B*35:12, B*39:01, B*39:02, B*39:04, B*39:05, B*39:06, B*39:13, B*40:01, B*40:02, B*40:03, B*40:04, B*40:05, B*40:06, B*41:01, B*41:02, B*42:01, B*42:02, B*45:01, B*48:01, B*48:02, B*50:01, B*50:02, B*54:01, B*55:01, B*55:02, B*55:04, B*56:01, B*56:03, B*67:01, B*78:01, B*81:01, B*82:01, B*82:02"
76ESI,"A*25:01, A*32:01"
76ESN,"B*07:02, B*07:03, B*07:14, B*08:01, B*14:01, B*14:02, B*15:01, B*15:02, B*15:03, B*15:04, B*15:06, B*15:07, B*15:10, B*15:11, B*15:12, B*15:18, B*15:20, B*15:21, B*15:27, B*18:01, B*27:08, B*35:01, B*35:02, B*35:03, B*35:08, B*35:12, B*39:01, B*39:02, B*39:04, B*39:05, B*39:06, B*39:13, B*40:01, B*40:02, B*40:03, B*40:04, B*40:05, B*40:06, B*41:01, B*41:02, B*42:01, B*42:02, B*45:01, B*48:01, B*48:02, B*50:01, B*50:02, B*54:01, B*55:01, B*55:02, B*55:04, B*56:01, B*56:03, B*67:01, B*78:01, B*81:01, B*82:01, B*82:02"
76ET,"A*30:02, B*13:01, B*13:02, B*27:03, B*27:04, B*27:05, B*27:06, B*37:01, B*38:02, B*44:02, B*44:03, B*47:01"
76VDT,"A*02:01, A*02:02, A*02:03, A*02:05, A*02:06, A*02:07, A*02:10, A*02:18, A*03:01, A*03:02, A*11:01, A*11:02, A*26:03, A*30:01, A*31:01, A*33:01, A*33:03, A*34:01, A*34:02, A*66:01, A*66:02, A*68:01, A*68:02, A*69:01, A*74:01"
76VRN,"B*46:01, B*73:01, C*01:02, C*01:03, C*03:02, C*03:03, C*03:04, C*07:01, C*07:02, C*07:04, C*08:01, C*08:02, C*08:03, C*08:04, C*12:02, C*12:03, C*14:02, C*14:03, C*16:01"
76VS,"B*46:01, C*01:02, C*01:03, C*03:02, C*03:03, C*03:04, C*07:01, C*07:02, C*07:04, C*08:01, C*08:02, C*08:03, C*08:04, C*12:02, C*12:03, C*14:02, C*14:03, C*16:01"
77D,"A*02:01, A*02:02, A*02:03, A*02:05, A*02:06, A*02:07, A*02:10, A*02:18, A*03:01, A*03:02, A*11:01, A*11:02, A*26:03, A*30:01, A*31:01, A*33:01, A*33:03, A*34:01, A*34:02, A*66:01, A*66:02, A*68:01, A*68:02, A*69:01, A*74:01, B*27:03, B*27:05, B*37:01, B*47:01"
77N,"A*01:01, A*01:02, A*23:01, A*24:02, A*24:03, A*26:01, A*26:02, A*29:01, A*29:02, A*30:02, A*36:01, A*43:01, A*80:01, B*13:01, B*13:02, B*15:13, B*15:16, B*15:17, B*15:24, B*38:01, B*38:02, B*44:02, B*44:03, B*49:01, B*51:01, B*51:02, B*52:01, B*53:01, B*57:01, B*57:03, B*58:01, B*59:01, C*02:02, C*02:10, C*04:01, C*04:03, C*05:01, C*06:02, C*15:02, C*15:05, C*16:02, C*17:01, C*17:03, C*18:01, C*18:02"
77NGT,"A*01:01, A*01:02, A*26:01, A*26:02, A*29:01, A*29:02, A*30:02, A*36:01, A*43:01, A*80:01"
77S,"A*25:01, A*32:01, B*07:02, B*07:03, B*07:14, B*08:01, B*14:01, B*14:02, B*15:01, B*15:02, B*15:03, B*15:04, B*15:06, B*15:07, B*15:10, B*15:11, B*15:12, B*15:18, B*15:20, B*15:21, B*15:27, B*18:01, B*27:04, B*27:06, B*27:08, B*35:01, B*35:02, B*35:03, B*35:08, B*35:12, B*39:01, B*39:02, B*39:04, B*39:05, B*39:06, B*39:13, B*40:01, B*40:02, B*40:03, B*40:04, B*40:05, B*40:06, B*41:01, B*41:02, B*42:01, B*42:02, B*45:01, B*46:01, B*48:01, B*48:02, B*50:01, B*50:02, B*54:01, B*55:01, B*55:02, B*55:04, B*56:01, B*56:03, B*67:01, B*78:01, B*81:01, B*82:01, B*82:02, C*01:02, C*01:03, C*03:02, C*03:03, C*03:04, C*07:01, C*07:02, C*07:04, C*08:01, C*08:02, C*08:03, C*08:04, C*12:02, C*12:03, C*14:02, C*14:03, C*16:01"
77SRN,"B*07:02, B*07:03, B*07:14, B*08:01, B*14:01, B*14:02, B*15:01, B*15:02, B*15:03, B*15:04, B*15:06, B*15:07, B*15:10, B*15:11, B*15:12, B*15:18, B*15:20, B*15:21, B*15:27, B*18:01, B*27:08, B*35:01, B*35:02, B*35:03, B*35:08, B*35:12, B*39:01, B*39:02, B*39:04, B*39:05, B*39:06, B*39:13, B*40:01, B*40:02, B*40:03, B*40:04, B*40:05, B*40:06, B*41:01, B*41:02, B*42:01, B*42:02, B*45:01, B*46:01, B*48:01, B*48:02, B*50:01, B*50:02, B*54:01, B*55:01, B*55:02, B*55:04, B*56:01, B*56:03, B*67:01, B*78:01, B*81:01, B*82:01, B*82:02, C*01:02, C*01:03, C*03:02, C*03:03, C*03:04, C*07:01, C*07:02, C*07:04, C*08:01, C*08:02, C*08:03, C*08:04, C*12:02, C*12:03, C*14:02, C*14:03, C*16:01"
79GT,"A*01:01, A*01:02, A*02:01, A*02:02, A*02:03, A*02:05, A*02:06, A*02:07, A*02:10, A*02:18, A*03:01, A*03:02, A*11:01, A*11:02, A*26:01, A*26:02, A*26:03, A*29:01, A*29:02, A*30:01, A*30:02, A*31:01, A*33:01, A*33:03, A*34:01, A*34:02, A*36:01, A*43:01, A*66:01, A*66:02, A*68:01, A*68:02, A*69:01, A*74:01, A*80:01"
80I,"A*23:01, A*24:02, A*24:03, A*25:01, A*32:01, B*15:13, B*15:16, B*15:17, B*15:24, B*38:01, B*49:01, B*51:01, B*51:02, B*52:01, B*53:01, B*57:01, B*57:03, B*58:01, B*59:01"
80K,"C*02:02, C*02:10, C*04:01, C*04:03, C*05:01, C*06:02, C*15:02, C*15:05, C*16:02, C*17:01, C*17:03, C*18:01, C*18:02"
80N,"B*07:02, B*07:03, B*07:14, B*08:01, B*14:01, B*14:02, B*15:01, B*15:02, B*15:03, B*15:04, B*15:06, B*15:07, B*15:10, B*15:11, B*15:12, B*15:18, B*15:20, B*15:21, B*15:27, B*18:01, B*27:08, B*35:01, B*35:02, B*35:03, B*35:08, B*35:12, B*39:01, B*39:02, B*39:04, B*39:05, B*39:06, B*39:13, B*40:01, B*40:02, B*40:03, B*40:04, B*40:05, B*40:06, B*41:01, B*41:02, B*42:01, B*42:02, B*45:01, B*46:01, B*48:01, B*48:02, B*50:01, B*50:02, B*54:01, B*55:01, B*55:02, B*55:04, B*56:01, B*56:03, B*67:01, B*73:01, B*78:01, B*81:01, B*82:01, B*82:02, C*01:02, C*01:03, C*03:02, C*03:03, C*03:04, C*07:01, C*07:02, C*07:04, C*08:01, C*08:02, C*08:03, C*08:04, C*12:02, C*12:03, C*14:02, C*14:03, C*16:01"
80T,"A*01:01, A*01:02, A*02:01, A*02:02, A*02:03, A*02:05, A*02:06, A*02:07, A*02:10, A*02:18, A*03:01, A*03:02, A*11:01, A*11:02, A*26:01, A*26:02, A*26:03, A*29:01, A*29:02, A*30:01, A*30:02, A*31:01, A*33:01, A*33:03, A*34:01, A*34:02, A*36:01, A*43:01, A*66:01, A*66:02, A*68:01, A*68:02, A*69:01, A*74:01, A*80:01, B*13:01, B*13:02, B*27:03, B*27:04, B*27:05, B*27:06, B*37:01, B*38:02, B*44:02, B*44:03, B*47:01"
80TA,"B*13:01, B*13:02, B*38:02, B*44:02, B*44:03"
80TL,"A*01:01, A*01:02, A*02:01, A*02:02, A*02:03, A*02:05, A*02:06, A*02:07, A*02:10, A*02:18, A*03:01, A*03:02, A*11:01, A*11:02, A*26:01, A*26:02, A*26:03, A*29:01, A*29:02, A*30:01, A*30:02, A*31:01, A*33:01, A*33:03, A*34:01, A*34:02, A*36:01, A*43:01, A*66:01, A*66:02, A*68:01, A*68:02, A*69:01, A*74:01, A*80:01, B*27:03, B*27:04, B*27:05, B*27:06, B*37:01, B*47:01"
80TLR,"B*13:01, B*13:02, B*27:03, B*27:04, B*27:05, B*27:06, B*37:01, B*38:02, B*44:02, B*44:03, B*47:01"
81ALR,"A*23:01, A*24:02, A*24:03, A*25:01, A*32:01, B*13:01, B*13:02, B*15:13, B*15:16, B*15:17, B*15:24, B*38:01, B*38:02, B*44:02, B*44:03, B*49:01, B*51:01, B*51:02, B*52:01, B*53:01, B*57:01, B*57:03, B*58:01, B*59:01"
82LR,"A*23:01, A*24:02, A*24:03, A*25:01, A*32:01, B*13:01, B*13:02, B*15:13, B*15:16, B*15:17, B*15:24, B*27:03, B*27:04, B*27:05, B*27:06, B*37:01, B*38:01, B*38:02, B*44:02, B*44:03, B*47:01, B*49:01, B*51:01, B*51:02, B*52:01, B*53:01, B*57:01, B*57:03, B*58:01, B*59:01"
90D,"A*01:01, A*01:02, A*11:01, A*11:02, A*25:01, A*26:01, A*26:02, A*26:03, A*34:01, A*34:02, A*36:01, A*43:01, A*66:01, A*80:01, B*73:01, C*04:01, C*04:03, C*06:02, C*07:01, C*07:02, C*07:04, C*18:01, C*18:02"
91R,C*03:03
94I,"B*07:14, B*13:01, B*15:02, B*15:13, B*15:20, B*15:21, B*35:01, B*35:02, B*35:03, B*35:08, B*35:12, B*40:04, B*44:02, B*44:03, B*48:02, B*53:01, B*57:01, B*57:03, B*58:01, C*03:02, C*03:03, C*03:04, C*15:02, C*15:05"
95F,C*07:04
95I,"A*01:01, A*01:02, A*03:01, A*03:02, A*11:01, A*11:02, A*25:01, A*26:01, A*26:02, A*26:03, A*29:01, A*29:02, A*30:01, A*30:02, A*31:01, A*32:01, A*33:01, A*33:03, A*34:01, A*34:02, A*36:01, A*43:01, A*66:01, A*66:02, A*68:01, A*68:02, A*74:01, A*80:01, B*07:14, B*13:01, B*15:02, B*15:13, B*15:20, B*15:21, B*35:01, B*35:02, B*35:03, B*35:08, B*35:12, B*37:01, B*40:04, B*44:02, B*44:03, B*48:02, B*53:01, B*57:01, B*57:03, B*58:01, C*03:03, C*03:04, C*15:02, C*15:05, C*17:01, C*17:03"
95L,"A*02:02, A*02:05, A*23:01, A*24:02, A*24:03, B*07:02, B*07:03, B*08:01, B*14:01, B*14:02, B*15:01, B*15:03, B*15:06, B*15:07, B*15:10, B*15:11, B*15:12, B*15:17, B*15:18, B*15:24, B*15:27, B*18:01, B*27:03, B*27:04, B*27:05, B*27:06, B*27:08, B*38:01, B*38:02, B*39:01, B*39:02, B*39:04, B*39:05, B*39:13, B*40:01, B*40:02, B*40:03, B*40:05, B*41:02, B*42:01, B*42:02, B*46:01, B*47:01, B*48:01, B*55:04, B*56:03, B*67:01, B*81:01, B*82:01, B*82:02, C*01:02, C*01:03, C*02:02, C*02:10, C*03:02, C*04:01, C*04:03, C*05:01, C*06:02, C*07:01, C*07:02, C*08:01, C*08:02, C*08:03, C*08:04, C*12:02, C*12:03, C*14:02, C*14:03, C*16:01, C*16:02, C*18:01, C*18:02"
95V,"A*02:01, A*02:03, A*02:06, A*02:07, A*02:10, A*02:18, A*69:01"
95W,"B*13:02, B*15:04, B*15:16, B*39:06, B*40:06, B*41:01, B*45:01, B*49:01, B*50:01, B*50:02, B*51:01, B*51:02, B*52:01, B*54:01, B*55:01, B*55:02, B*56:01, B*59:01, B*73:01, B*78:01"
97I,"A*01:01, A*01:02, A*03:01, A*03:02, A*11:01, A*11:02, A*30:01, A*30:02, A*34:02, A*36:01, A*80:01"
97M,"A*23:01, A*24:02, A*24:03, A*29:01, A*29:02, A*31:01, A*32:01, A*33:01, A*33:03, A*68:01, A*74:01"
97N,"B*27:03, B*27:04, B*27:05, B*27:06, B*27:08"
97R,"A*02:01, A*02:02, A*02:03, A*02:05, A*02:06, A*02:07, A*02:10, A*02:18, A*25:01, A*26:01, A*26:02, A*26:03, A*34:01, A*43:01, A*66:01, A*66:02, A*68:02, A*69:01, B*07:14, B*13:01, B*15:01, B*15:02, B*15:03, B*15:06, B*15:10, B*15:11, B*15:12, B*15:13, B*15:16, B*15:17, B*15:18, B*15:20, B*15:21, B*15:24, B*15:27, B*18:01, B*35:01, B*35:02, B*35:03, B*35:08, B*35:12, B*37:01, B*38:01, B*38:02, B*39:01, B*39:02, B*39:04, B*39:05, B*39:13, B*40:01, B*40:04, B*41:01, B*44:02, B*44:03, B*45:01, B*46:01, B*47:01, B*48:02, B*49:01, B*50:01, B*50:02, B*53:01, B*56:03, B*58:01, B*67:01, B*82:01, B*82:02, C*02:02, C*02:10, C*03:02, C*03:03, C*03:04, C*04:01, C*04:03, C*05:01, C*07:01, C*07:02, C*07:04, C*08:01, C*08:02, C*08:03, C*08:04, C*12:02, C*15:02, C*15:05, C*17:01, C*17:03, C*18:01, C*18:02"
97S,"B*07:02, B*07:03, B*08:01, B*15:07, B*40:02, B*40:03, B*40:05, B*41:02, B*42:01, B*42:02, B*48:01, B*55:04, B*81:01"
97T,"B*13:02, B*15:04, B*39:06, B*40:06, B*51:01, B*51:02, B*52:01, B*54:01, B*55:01, B*55:02, B*56:01, B*59:01, B*73:01, B*78:01"
97V,"B*57:01, B*57:03"
97W,"B*14:01, B*14:02, C*01:02, C*01:03, C*06:02, C*12:03, C*14:02, C*14:03, C*16:01, C*16:02"
99F,"A*02:10, A*23:01, A*24:02, A*24:03, B*15:06, B*15:27, B*47:01, B*82:01, B*82:02, C*04:01, C*04:03, C*14:02, C*14:03, C*18:01, C*18:02"
99S,"B*37:01, C*07:02"
99Y,"A*01:01, A*01:02, A*02:01, A*02:02, A*02:03, A*02:05, A*02:06, A*03:01, A*03:02, A*11:01, A*11:02, A*25:01, A*26:01, A*26:02, A*26:03, A*29:01, A*29:02, A*30:01, A*30:02, A*31:01, A*32:01, A*33:01, A*33:03, A*34:01, A*34:02, A*36:01, A*43:01, A*66:01, A*66:02, A*68:01, A*68:02, A*69:01, A*74:01, A*80:01, B*07:02, B*07:03, B*07:14, B*08:01, B*13:01, B*13:02, B*14:01, B*14:02, B*15:01, B*15:02, B*15:03, B*15:04, B*15:07, B*15:10, B*15:11, B*15:12, B*15:13, B*15:16, B*15:17, B*15:18, B*15:20, B*15:21, B*15:24, B*18:01, B*27:03, B*27:04, B*27:05, B*27:06, B*27:08, B*35:01, B*35:02, B*35:03, B*35:08, B*35:12, B*38:01, B*38:02, B*39:01, B*39:02, B*39:04, B*39:05, B*39:06, B*39:13, B*40:01, B*40:02, B*40:03, B*40:04, B*40:05, B*40:06, B*41:01, B*41:02, B*42:01, B*42:02, B*44:02, B*44:03, B*45:01, B*46:01, B*48:01, B*48:02, B*49:01, B*50:01, B*50:02, B*51:01, B*51:02, B*52:01, B*53:01, B*54:01, B*55:01, B*55:02, B*55:04, B*56:01, B*56:03, B*57:01, B*57:03, B*58:01, B*59:01, B*67:01, B*73:01, B*78:01, B*81:01, C*02:02, C*02:10, C*03:02, C*03:03, C*03:04, C*05:01, C*06:02, C*07:01, C*07:04, C*08:01, C*08:02, C*08:03, C*08:04, C*12:02, C*12:03, C*15:02, C*15:05, C*16:01, C*16:02, C*17:01, C*17:03"
102H,A*29:01
103L,"B*13:01, B*13:02, B*15:16, B*15:20, B*35:01, B*35:02, B*35:03, B*35:08, B*40:04, B*45:01, B*48:02, B*49:01, B*50:01, B*50:02, B*53:01, B*54:01, B*55:01, B*55:02, B*56:01, B*58:01, B*59:01, B*82:01, B*82:02, C*01:02, C*01:03, C*02:02, C*02:10, C*04:01, C*04:03, C*05:01, C*06:02, C*07:01, C*07:02, C*07:04, C*08:01, C*08:02, C*08:03, C*08:04, C*12:02, C*12:03, C*14:02, C*14:03, C*15:02, C*15:05, C*16:01, C*16:02, C*17:01, C*17:03, C*18:01, C*18:02"
103M,B*73:01
105S,"A*02:01, A*02:02, A*02:03, A*02:05, A*02:06, A*02:07, A*02:10, A*02:18, A*03:01, A*03:02, A*23:01, A*24:02, A*24:03, A*29:01, A*29:02, A*30:01, A*30:02, A*31:01, A*33:01, A*33:03, A*34:02, A*68:01, A*69:01, A*80:01"
107W,"A*02:01, A*02:02, A*02:03, A*02:05, A*02:06, A*02:07, A*02:18, A*69:01"
109F,"A*01:01, A*01:02, A*02:01, A*02:02, A*02:03, A*02:05, A*02:06, A*02:07, A*02:10, A*02:18, A*03:01, A*03:02, A*11:01, A*11:02, A*23:01, A*24:02, A*24:03, A*25:01, A*26:01, A*26:02, A*26:03, A*29:01, A*29:02, A*30:01, A*30:02, A*31:01, A*33:01, A*33:03, A*34:01, A*34:02, A*36:01, A*43:01, A*66:01, A*66:02, A*68:01, A*68:02, A*69:01, A*80:01, B*35:02"
113H,"B*07:02, B*07:03, B*08:01, B*13:01, B*13:02, B*15:01, B*15:03, B*15:04, B*15:07, B*15:10, B*15:11, B*15:12, B*15:16, B*15:18, B*15:20, B*15:24, B*15:27, B*18:01, B*35:01, B*35:02, B*35:03, B*35:08, B*35:12, B*38:01, B*38:02, B*39:01, B*39:02, B*39:04, B*39:05, B*39:06, B*39:13, B*40:01, B*40:02, B*40:03, B*40:04, B*40:05, B*40:06, B*41:01, B*41:02, B*42:01, B*42:02, B*46:01, B*48:01, B*48:02, B*51:01, B*51:02, B*52:01, B*53:01, B*54:01, B*55:01, B*55:02, B*55:04, B*56:01, B*56:03, B*57:01, B*57:03, B*58:01, B*59:01, B*67:01, B*78:01, B*81:01, B*82:01, B*82:02, C*15:02, C*15:05"
113HD,"B*07:02, B*07:03, B*15:01, B*15:03, B*15:04, B*15:07, B*15:10, B*15:11, B*15:12, B*15:16, B*15:18, B*15:20, B*15:24, B*15:27, B*18:01, B*35:01, B*35:03, B*35:08, B*40:03, B*46:01, B*48:02, B*53:01, B*56:03, B*57:01, B*58:01, C*15:02, C*15:05"
113HN,"B*08:01, B*13:01, B*13:02, B*35:02, B*35:12, B*38:01, B*38:02, B*39:01, B*39:02, B*39:04, B*39:05, B*39:06, B*39:13, B*40:01, B*40:02, B*40:04, B*40:05, B*40:06, B*41:01, B*41:02, B*42:01, B*42:02, B*48:01, B*51:01, B*51:02, B*52:01, B*54:01, B*55:01, B*55:02, B*55:04, B*56:01, B*57:03, B*59:01, B*67:01, B*78:01, B*81:01, B*82:01, B*82:02"
113YD,"B*07:14, B*15:02, B*15:06, B*15:13, B*15:21, B*27:06, B*44:02, B*44:03, C*01:02, C*02:02, C*02:10, C*03:02, C*03:03, C*03:04, C*06:02, C*07:01, C*07:02, C*07:04, C*12:02, C*12:03, C*14:02, C*14:03, C*16:01, C*16:02"
113YN,"B*14:01, B*14:02, B*37:01, B*45:01, B*49:01, B*50:01, B*50:02, B*73:01, C*01:03, C*04:01, C*04:03, C*05:01, C*08:01, C*08:02, C*08:03, C*08:04, C*17:01, C*17:03, C*18:01, C*18:02"
114H,"A*02:01, A*02:02, A*02:03, A*02:05, A*02:06, A*02:07, A*02:10, A*02:18, A*23:01, A*24:02, A*24:03, A*68:02, A*69:01, B*15:17, B*27:03, B*27:04, B*27:05, B*27:08, B*47:01"
114Q,"A*25:01, A*26:01, A*26:02, A*26:03, A*31:01, A*32:01, A*33:01, A*33:03, A*34:01, A*43:01, A*66:01, A*66:02, A*74:01"
114R,"A*01:01, A*01:02, A*03:01, A*03:02, A*11:01, A*11:02, A*29:01, A*29:02, A*34:02, A*36:01, A*68:01, A*80:01"
116D,"A*01:01, A*01:02, A*03:01, A*03:02, A*11:01, A*11:02, A*25:01, A*26:01, A*26:03, A*29:01, A*29:02, A*31:01, A*32:01, A*33:01, A*33:03, A*34:01, A*34:02, A*36:01, A*43:01, A*66:01, A*66:02, A*68:01, A*74:01, A*80:01, B*15:17, B*27:03, B*27:04, B*27:05, B*27:08, B*44:02, B*44:03, B*47:01"
116F,"B*14:01, B*14:02, B*35:03, B*37:01, B*38:01, B*38:02, B*39:01, B*39:02, B*39:04, B*39:05, B*39:06, B*39:13, B*67:01, B*73:01, C*01:03, C*04:01, C*04:03, C*05:01, C*07:04, C*08:01, C*08:02, C*08:03, C*08:04, C*15:05, C*17:01, C*17:03, C*18:01, C*18:02"
116L,"B*13:01, B*13:02, B*45:01, B*49:01, B*50:01, B*50:02, B*54:01, B*55:01, B*55:02, B*56:01, B*59:01, B*82:01, B*82:02, C*15:02"
116S,"B*15:01, B*15:02, B*15:03, B*15:04, B*15:06, B*15:07, B*15:11, B*15:12, B*15:13, B*15:16, B*15:18, B*15:20, B*15:21, B*15:24, B*15:27, B*18:01, B*35:01, B*35:08, B*40:03, B*46:01, B*48:02, B*53:01, B*56:03, B*57:01, B*58:01, C*02:02, C*02:10, C*03:02, C*06:02, C*07:01, C*07:02, C*12:02, C*12:03, C*14:02, C*14:03, C*16:01, C*16:02"
116Y,"A*02:01, A*02:02, A*02:03, A*02:05, A*02:06, A*02:07, A*02:10, A*02:18, A*23:01, A*24:02, A*24:03, A*68:02, A*69:01, B*07:02, B*07:03, B*07:14, B*08:01, B*15:10, B*27:06, B*35:02, B*35:12, B*40:01, B*40:02, B*40:04, B*40:05, B*40:06, B*41:01, B*41:02, B*42:01, B*42:02, B*48:01, B*51:01, B*51:02, B*52:01, B*55:04, B*57:03, B*78:01, B*81:01, C*01:02, C*03:03, C*03:04"
127K,"A*02:01, A*02:02, A*02:03, A*02:05, A*02:06, A*02:07, A*02:10, A*02:18, A*23:01, A*24:02, A*24:03, A*68:01, A*68:02, A*69:01"
131S,"B*13:01, B*13:02, B*14:01, B*14:02, B*15:01, B*15:02, B*15:03, B*15:04, B*15:06, B*15:07, B*15:10, B*15:11, B*15:12, B*15:13, B*15:16, B*15:17, B*15:18, B*15:20, B*15:21, B*15:24, B*15:27, B*18:01, B*27:03, B*27:04, B*27:05, B*27:06, B*27:08, B*35:01, B*35:02, B*35:03, B*35:08, B*35:12, B*37:01, B*38:01, B*38:02, B*39:01, B*39:02, B*39:04, B*39:05, B*39:06, B*39:13, B*44:02, B*44:03, B*45:01, B*46:01, B*47:01, B*48:02, B*49:01, B*50:01, B*50:02, B*51:01, B*51:02, B*52:01, B*53:01, B*54:01, B*55:01, B*55:02, B*56:01, B*56:03, B*57:01, B*57:03, B*58:01, B*59:01, B*67:01, B*78:01, B*82:01, B*82:02"
138K,"A*02:18, C*05:01, C*08:02, C*08:04"
138MI,"A*01:01, A*01:02, A*03:01, A*03:02, A*11:01, A*11:02, A*23:01, A*24:02, A*24:03, A*25:01, A*26:01, A*26:02, A*26:03, A*29:01, A*29:02, A*30:01, A*30:02, A*31:01, A*32:01, A*33:01, A*33:03, A*34:01, A*34:02, A*36:01, A*43:01, A*66:01, A*66:02, A*74:01, A*80:01"
143S,"B*40:01, B*48:01, B*81:01, C*17:01, C*17:03"
144K,"A*01:01, A*01:02, A*02:01, A*02:02, A*02:03, A*02:05, A*02:06, A*02:07, A*02:10, A*02:18, A*03:01, A*03:02, A*11:01, A*11:02, A*24:02, A*24:03, A*36:01, A*68:01, A*68:02, A*69:01, A*80:01"
144KR,"A*01:01, A*01:02, A*03:01, A*03:02, A*11:01, A*11:02, A*24:02, A*24:03, A*36:01, A*80:01"
144QL,"B*13:01, B*13:02"
144TKH,"A*02:01, A*02:02, A*02:03, A*02:05, A*02:06, A*02:07, A*02:10, A*02:18, A*68:01, A*68:02, A*69:01"
145HT,A*02:03
145KHA,"A*02:01, A*02:02, A*02:05, A*02:06, A*02:07, A*02:10, A*02:18, A*68:01, A*68:02, A*69:01"
145RT,"A*25:01, A*26:01, A*26:02, A*26:03, A*34:01, A*34:02, A*43:01, A*66:01, A*66:02"
147L,"B*40:01, B*48:01, B*81:01, C*07:01, C*07:02, C*07:04, C*17:01, C*17:03"
149AH,"A*01:01, A*01:02, A*02:01, A*02:02, A*02:05, A*02:06, A*02:07, A*02:10, A*02:18, A*03:01, A*03:02, A*11:01, A*11:02, A*24:02, A*24:03, A*36:01, A*68:01, A*68:02, A*69:01"
149TAH,"A*02:03, A*25:01, A*26:01, A*26:02, A*26:03, A*34:01, A*34:02, A*43:01, A*66:01, A*66:02"
150AAH,"A*02:01, A*02:02, A*02:05, A*02:06, A*02:07, A*02:10, A*02:18, A*03:01, A*03:02, A*11:01, A*11:02, A*24:02, A*24:03, A*68:01, A*68:02, A*69:01"
150AH,"A*02:01, A*02:02, A*02:03, A*02:05, A*02:06, A*02:07, A*02:10, A*02:18, A*03:01, A*03:02, A*11:01, A*11:02, A*24:02, A*24:03, A*25:01, A*26:01, A*26:02, A*26:03, A*34:01, A*34:02, A*43:01, A*66:01, A*66:02, A*68:01, A*68:02, A*69:01"
151AHA,"A*11:01, A*11:02"
151AHE,"A*02:03, A*03:01, A*25:01, A*26:01, A*26:02, A*26:03, A*34:01, A*34:02, A*43:01, A*66:01, A*66:02"
151AHV,"A*02:01, A*02:02, A*02:05, A*02:06, A*02:07, A*02:10, A*02:18, A*03:02, A*24:02, A*24:03, A*68:01, A*68:02, A*69:01"
151ARV,"A*23:01, A*29:01, A*29:02, A*31:01, A*32:01, A*33:01, A*33:03, A*74:01, B*08:01, B*13:01, B*13:02, B*15:20, B*18:01, B*27:03, B*27:05, B*27:08, B*35:01, B*35:02, B*35:03, B*35:08, B*35:12, B*37:01, B*38:01, B*38:02, B*39:01, B*39:02, B*39:04, B*39:05, B*39:06, B*39:13, B*40:01, B*40:02, B*40:03, B*40:04, B*40:06, B*41:01, B*41:02, B*42:01, B*42:02, B*44:02, B*44:03, B*45:01, B*47:01, B*48:01, B*48:02, B*53:01, B*54:01, B*55:02, B*55:04, B*56:01, B*57:01, B*57:03, B*58:01, B*59:01, B*67:01, B*73:01, B*81:01, B*82:01, B*82:02"
151H,"A*01:01, A*01:02, A*02:01, A*02:02, A*02:03, A*02:05, A*02:06, A*02:07, A*02:10, A*02:18, A*03:01, A*03:02, A*11:01, A*11:02, A*24:02, A*24:03, A*25:01, A*26:01, A*26:02, A*26:03, A*34:01, A*34:02, A*36:01, A*43:01, A*66:01, A*66:02, A*68:01, A*68:02, A*69:01"
152A,"A*01:01, A*01:02, A*11:01, A*11:02, A*36:01, C*07:01, C*07:02, C*07:04, C*16:01, C*16:02"
152E,"A*02:03, A*03:01, A*25:01, A*26:01, A*26:02, A*26:03, A*34:01, A*34:02, A*43:01, A*66:01, A*66:02, B*07:02, B*07:03, B*07:14, B*14:01, B*14:02, B*15:01, B*15:02, B*15:03, B*15:04, B*15:06, B*15:07, B*15:10, B*15:11, B*15:12, B*15:13, B*15:16, B*15:17, B*15:18, B*15:21, B*15:24, B*15:27, B*27:04, B*27:06, B*40:05, B*46:01, B*49:01, B*50:01, B*50:02, B*51:01, B*51:02, B*52:01, B*55:01, B*56:03, B*78:01, C*01:02, C*01:03, C*02:02, C*02:10, C*03:02, C*03:03, C*03:04, C*04:01, C*04:03, C*05:01, C*06:02, C*08:02, C*08:04, C*12:02, C*12:03, C*14:02, C*14:03, C*15:02, C*15:05, C*17:01, C*17:03, C*18:01, C*18:02"
152HA,"A*01:01, A*01:02, A*11:01, A*11:02, A*36:01"
152RA,"C*07:01, C*07:02, C*07:04, C*16:01, C*16:02"
152RE,"B*07:02, B*07:03, B*07:14, B*14:01, B*14:02, B*15:01, B*15:02, B*15:03, B*15:04, B*15:06, B*15:07, B*15:10, B*15:11, B*15:12, B*15:13, B*15:16, B*15:17, B*15:18, B*15:21, B*15:24, B*15:27, B*27:04, B*27:06, B*40:05, B*46:01, B*49:01, B*50:01, B*50:02, B*51:01, B*51:02, B*52:01, B*55:01, B*56:03, B*78:01, C*01:02, C*01:03, C*02:02, C*02:10, C*03:02, C*03:03, C*03:04, C*04:01, C*04:03, C*05:01, C*06:02, C*08:02, C*08:04, C*12:02, C*12:03, C*14:02, C*14:03, C*15:02, C*15:05, C*17:01, C*17:03, C*18:01, C*18:02"
152RR,"A*30:02, A*80:01"
152T,"C*08:01, C*08:03"
152V,"A*02:01, A*02:02, A*02:05, A*02:06, A*02:07, A*02:10, A*02:18, A*03:02, A*23:01, A*24:02, A*24:03, A*29:01, A*29:02, A*31:01, A*32:01, A*33:01, A*33:03, A*68:01, A*68:02, A*69:01, A*74:01, B*08:01, B*13:01, B*13:02, B*15:20, B*18:01, B*27:03, B*27:05, B*27:08, B*35:01, B*35:02, B*35:03, B*35:08, B*35:12, B*37:01, B*38:01, B*38:02, B*39:01, B*39:02, B*39:04, B*39:05, B*39:06, B*39:13, B*40:01, B*40:02, B*40:03, B*40:04, B*40:06, B*41:01, B*41:02, B*42:01, B*42:02, B*44:02, B*44:03, B*45:01, B*47:01, B*48:01, B*48:02, B*53:01, B*54:01, B*55:02, B*55:04, B*56:01, B*57:01, B*57:03, B*58:01, B*59:01, B*67:01, B*73:01, B*81:01, B*82:01, B*82:02"
152W,A*30:01
156DA,"B*08:01, B*37:01, B*41:01, B*41:02, B*42:01, B*42:02, B*44:02, B*45:01, B*82:01, B*82:02, C*07:04"
156L,"A*02:01, A*02:06, A*02:07, A*02:10, A*02:18, A*03:01, A*23:01, A*29:01, A*29:02, A*30:01, A*30:02, A*31:01, A*32:01, A*33:01, A*33:03, A*34:02, A*69:01, A*74:01, A*80:01, B*13:01, B*13:02, B*14:01, B*14:02, B*15:02, B*15:03, B*15:06, B*15:10, B*15:13, B*15:16, B*15:17, B*15:18, B*15:20, B*15:21, B*18:01, B*27:03, B*27:04, B*27:05, B*27:06, B*27:08, B*35:01, B*35:02, B*35:03, B*35:12, B*38:01, B*38:02, B*39:01, B*39:02, B*39:04, B*39:05, B*39:06, B*39:13, B*40:01, B*40:02, B*40:03, B*40:04, B*40:05, B*40:06, B*44:03, B*47:01, B*48:01, B*48:02, B*49:01, B*50:01, B*50:02, B*51:01, B*51:02, B*52:01, B*53:01, B*54:01, B*55:01, B*55:02, B*55:04, B*56:01, B*57:01, B*57:03, B*58:01, B*59:01, B*67:01, B*73:01, B*78:01, B*81:01, C*03:02, C*03:03, C*03:04, C*07:01, C*07:02, C*08:01, C*08:03, C*08:04, C*15:02, C*15:05, C*17:01, C*17:03"
156QA,"A*03:02, A*11:01, A*11:02, A*24:02, A*24:03, C*16:01, C*16:02"
156R,"A*01:01, A*01:02, A*36:01, B*07:02, B*07:03, B*07:14, B*35:08, C*01:02, C*01:03, C*04:01, C*04:03, C*05:01, C*08:02, C*14:02, C*14:03, C*18:01, C*18:02"
156RA,"B*07:02, B*07:03, B*07:14, B*35:08, C*01:02, C*01:03, C*04:01, C*04:03, C*05:01, C*08:02, C*14:02, C*14:03, C*18:01, C*18:02"
156WA,"A*02:02, A*02:03, A*02:05, A*25:01, A*26:01, A*26:02, A*26:03, A*34:01, A*43:01, A*66:01, A*66:02, A*68:01, A*68:02, B*15:01, B*15:04, B*15:07, B*15:11, B*15:12, B*15:24, B*15:27, B*46:01, B*56:03, C*02:02, C*02:10, C*06:02, C*12:02, C*12:03"
158T,"B*38:01, B*38:02, B*39:01, B*39:02, B*39:04, B*39:05, B*39:06, B*39:13, B*67:01"
161D,"A*03:01, A*03:02"
162DLS,B*82:01
162GLS,"B*44:02, B*44:03, B*45:01, B*50:02, B*82:02"
163E,"A*66:02, A*80:01, B*07:02, B*07:03, B*07:14, B*13:01, B*13:02, B*27:03, B*27:04, B*27:05, B*27:06, B*27:08, B*40:01, B*40:02, B*40:03, B*40:04, B*40:06, B*47:01, B*48:01, B*73:01, B*81:01, C*02:02, C*02:10, C*17:01, C*17:03"
163EW,"A*66:02, B*07:02, B*07:03, B*07:14, B*13:01, B*13:02, B*27:03, B*27:04, B*27:05, B*27:06, B*27:08, B*40:01, B*40:02, B*40:03, B*40:04, B*40:06, B*47:01, B*48:01, B*73:01, B*81:01, C*02:02, C*02:10, C*17:01, C*17:03"
163L,"B*15:01, B*15:02, B*15:03, B*15:04, B*15:06, B*15:07, B*15:10, B*15:11, B*15:12, B*15:13, B*15:16, B*15:17, B*15:18, B*15:20, B*15:21, B*15:24, B*15:27, B*35:01, B*35:02, B*35:03, B*35:08, B*35:12, B*40:05, B*44:02, B*44:03, B*45:01, B*46:01, B*48:02, B*49:01, B*50:01, B*50:02, B*51:01, B*51:02, B*52:01, B*53:01, B*56:01, B*56:03, B*57:01, B*57:03, B*58:01, B*78:01, B*82:01, B*82:02, C*03:02, C*03:03, C*03:04"
163LE,"B*15:01, B*15:02, B*15:03, B*15:04, B*15:06, B*15:07, B*15:10, B*15:11, B*15:13, B*15:16, B*15:17, B*15:18, B*15:20, B*15:21, B*15:24, B*15:27, B*35:01, B*35:02, B*35:03, B*35:08, B*35:12, B*40:05, B*44:02, B*44:03, B*45:01, B*46:01, B*48:02, B*49:01, B*50:01, B*50:02, B*51:01, B*51:02, B*52:01, B*53:01, B*56:01, B*56:03, B*57:01, B*57:03, B*58:01, B*78:01, B*82:01, B*82:02, C*03:02, C*03:03, C*03:04"
163LG,B*15:12
163LS/G,"B*15:12, B*44:02, B*44:03, B*45:01, B*50:02, B*82:01, B*82:02"
163LW,"B*15:01, B*15:02, B*15:03, B*15:04, B*15:06, B*15:07, B*15:10, B*15:11, B*15:13, B*15:16, B*15:17, B*15:18, B*15:20, B*15:21, B*15:24, B*15:27, B*35:01, B*35:02, B*35:03, B*35:08, B*35:12, B*40:05, B*46:01, B*48:02, B*49:01, B*50:01, B*51:01, B*51:02, B*52:01, B*53:01, B*56:01, B*56:03, B*57:01, B*57:03, B*58:01, B*78:01, C*03:02, C*03:03, C*03:04"
163R,"A*01:01, A*01:02, A*11:01, A*11:02, A*25:01, A*26:01, A*26:02, A*26:03, A*43:01, A*66:01"
163RG,"A*01:01, A*01:02"
163RW,"A*11:01, A*11:02, A*25:01, A*26:01, A*26:02, A*26:03, A*43:01, A*66:01"
163T,"A*02:01, A*02:02, A*02:03, A*02:05, A*02:06, A*02:07, A*02:10, A*02:18, A*03:01, A*03:02, A*23:01, A*24:02, A*24:03, A*29:01, A*29:02, A*30:01, A*30:02, A*31:01, A*32:01, A*33:01, A*33:03, A*34:01, A*34:02, A*36:01, A*68:01, A*68:02, A*69:01, A*74:01, B*08:01, B*14:01, B*14:02, B*18:01, B*37:01, B*38:01, B*38:02, B*39:01, B*39:02, B*39:04, B*39:05, B*39:06, B*39:13, B*41:01, B*41:02, B*42:01, B*42:02, B*54:01, B*55:01, B*55:02, B*55:04, B*59:01, B*67:01, C*01:02, C*01:03, C*04:01, C*04:03, C*05:01, C*06:02, C*07:01, C*07:02, C*07:04, C*08:01, C*08:02, C*08:03, C*08:04, C*12:02, C*12:03, C*14:02, C*14:03, C*15:02, C*15:05, C*16:01, C*16:02, C*18:01, C*18:02"
166DG,"A*01:01, A*01:02, A*23:01, A*24:02, A*80:01, B*15:12"
166ES,"B*44:02, B*44:03, B*45:01, B*50:02, B*82:01, B*82:02"
170RH,"A*33:01, B*14:01, B*14:02, B*18:01, B*51:01, B*52:01, B*73:01, B*78:01"
173K,"C*03:02, C*03:03, C*03:04"
177DK,"B*07:02, B*07:03, B*07:14, B*40:01, B*48:01, B*81:01"
177DT,"B*08:01, B*41:01, B*41:02, B*42:01, B*42:02"
177KT,"C*05:01, C*07:04, C*08:01, C*08:02, C*08:03, C*08:04"
180E,"B*07:02, B*07:03, B*07:14, B*08:01, B*40:01, B*41:01, B*41:02, B*42:01, B*42:02, B*48:01, B*81:01"
184A,"A*02:01, A*02:02, A*02:03, A*02:05, A*02:06, A*02:07, A*02:10, A*02:18, A*25:01, A*26:01, A*26:02, A*26:03, A*29:01, A*29:02, A*32:01, A*34:01, A*34:02, A*43:01, A*66:01, A*66:02, A*68:01, A*68:02, A*69:01, A*74:01"
184H,"C*01:02, C*01:03, C*02:02, C*02:10, C*03:02, C*03:03, C*03:04, C*04:01, C*04:03, C*05:01, C*06:02, C*08:01, C*08:02, C*08:03, C*08:04, C*12:02, C*12:03, C*14:02, C*14:03, C*15:02, C*15:05, C*16:01, C*16:02, C*18:01, C*18:02"
184R,"C*17:01, C*17:03"
186R,A*33:01
193AV,"A*02:01, A*02:02, A*02:03, A*02:05, A*02:06, A*02:07, A*02:10, A*02:18, A*25:01, A*26:01, A*26:02, A*26:03, A*29:01, A*29:02, A*31:01, A*32:01, A*33:01, A*33:03, A*34:01, A*34:02, A*43:01, A*66:01, A*66:02, A*68:01, A*68:02, A*69:01, A*74:01"
193LV,"C*16:01, C*16:02"
193PI,"A*01:01, A*01:02, A*03:01, A*03:02, A*11:01, A*11:02, A*23:01, A*24:02, A*24:03, A*30:01, A*30:02, A*36:01, A*80:01, B*07:02, B*07:03, B*07:14, B*08:01, B*13:01, B*13:02, B*14:01, B*14:02, B*15:01, B*15:02, B*15:03, B*15:04, B*15:06, B*15:07, B*15:10, B*15:11, B*15:12, B*15:13, B*15:16, B*15:17, B*15:18, B*15:21, B*15:24, B*15:27, B*18:01, B*27:03, B*27:04, B*27:05, B*27:06, B*27:08, B*37:01, B*38:01, B*38:02, B*39:01, B*39:02, B*39:04, B*39:05, B*39:06, B*39:13, B*40:01, B*40:02, B*40:03, B*40:04, B*40:05, B*40:06, B*41:01, B*41:02, B*42:01, B*42:02, B*44:02, B*44:03, B*45:01, B*46:01, B*47:01, B*48:01, B*49:01, B*50:01, B*50:02, B*54:01, B*55:01, B*55:02, B*55:04, B*56:01, B*56:03, B*57:01, B*57:03, B*59:01, B*67:01, B*73:01, B*81:01, B*82:01, B*82:02"
193PL,"C*07:01, C*07:02, C*07:04"
193PV,"B*15:20, B*35:01, B*35:02, B*35:03, B*35:08, B*35:12, B*48:02, B*51:01, B*51:02, B*52:01, B*53:01, B*58:01, B*78:01, C*01:02, C*01:03, C*02:02, C*02:10, C*03:02, C*03:03, C*03:04, C*04:01, C*04:03, C*05:01, C*06:02, C*08:01, C*08:02, C*08:03, C*08:04, C*12:02, C*12:03, C*14:02, C*14:03, C*15:02, C*15:05, C*17:01, C*17:03, C*18:01, C*18:02"
194V,"A*02:01, A*02:02, A*02:03, A*02:05, A*02:06, A*02:07, A*02:10, A*02:18, A*25:01, A*26:01, A*26:02, A*26:03, A*29:01, A*29:02, A*31:01, A*32:01, A*33:01, A*33:03, A*34:01, A*34:02, A*43:01, A*66:01, A*66:02, A*68:01, A*68:02, A*69:01, A*74:01, B*15:20, B*35:01, B*35:02, B*35:03, B*35:08, B*35:12, B*48:02, B*51:01, B*51:02, B*52:01, B*53:01, B*58:01, B*78:01, C*01:02, C*01:03, C*02:02, C*02:10, C*03:02, C*03:03, C*03:04, C*04:01, C*04:03, C*05:01, C*06:02, C*08:01, C*08:02, C*08:03, C*08:04, C*12:02, C*12:03, C*14:02, C*14:03, C*15:02, C*15:05, C*16:01, C*16:02, C*17:01, C*17:03, C*18:01, C*18:02"
199V,"B*44:02, B*44:03"
207S,"A*02:01, A*02:02, A*02:03, A*02:05, A*02:06, A*02:07, A*02:10, A*02:18, A*25:01, A*26:01, A*26:02, A*26:03, A*29:01, A*29:02, A*31:01, A*32:01, A*33:01, A*33:03, A*34:01, A*34:02, A*43:01, A*66:01, A*66:02, A*68:01, A*68:02, A*69:01, A*74:01, A*80:01"
211T,C*02:02
219W,"C*01:02, C*01:03, C*03:02, C*03:03, C*03:04, C*04:01, C*04:03, C*14:02, C*14:03, C*18:01, C*18:02"
245AS,"A*25:01, A*26:01, A*26:02, A*26:03, A*29:01, A*29:02, A*31:01, A*32:01, A*33:01, A*33:03, A*34:01, A*34:02, A*43:01, A*66:01, A*66:02, A*74:01"
245TA,"B*48:01, B*81:01"
245V,"A*68:01, A*68:02"
248M,"C*01:02, C*01:03"
253Q,"A*02:01, A*02:02, A*02:03, A*02:05, A*02:06, A*02:07, A*02:10, A*02:18, A*25:01, A*26:01, A*26:02, A*26:03, A*29:01, A*29:02, A*31:01, A*32:01, A*33:01, A*33:03, A*34:01, A*34:02, A*43:01, A*66:01, A*66:02, A*68:01, A*68:02, A*69:01, A*74:01, B*73:01, C*07:01, C*07:02, C*07:04, C*17:01, C*17:03"
267QE,"B*73:01, C*07:01, C*07:02, C*07:04, C*17:01, C*17:03"
270C,"B*73:01, C*17:01, C*17:03"
275EL,"A*01:01, A*01:02, A*03:01, A*03:02, A*11:01, A*11:02, A*30:01, A*30:02, A*36:01"
275G,"C*05:01, C*08:01, C*08:02, C*08:03, C*08:04"
275K,"B*73:01, C*04:01, C*04:03, C*17:01, C*17:03, C*18:01, C*18:02"
43Q+62GE,"A*02:01, A*02:03, A*02:06, A*02:07, A*02:10, A*02:18"
44RT+69TNT,"B*18:01, B*35:01, B*35:02, B*35:03, B*35:08, B*35:12, B*37:01, B*51:01, B*51:02, B*52:01, B*53:01, B*78:01"
62QE+56G,"A*01:01, A*01:02, A*03:01, A*03:02, A*11:01, A*11:02, A*32:01, A*36:01, A*74:01"
65QIA+76ESN,"B*07:02, B*07:14, B*27:08, B*42:01, B*42:02, B*54:01, B*55:01, B*55:02, B*55:04, B*56:01, B*56:03, B*67:01, B*81:01, B*82:01, B*82:02"
65QKR+76VS,"B*46:01, C*01:02, C*01:03, C*03:02, C*03:03, C*03:04, C*07:02, C*07:04, C*08:01, C*08:02, C*08:03, C*08:04, C*12:02, C*12:03, C*14:02, C*14:03, C*16:01"
65RNA+80I,"A*25:01, A*32:01, B*15:16, B*15:17, B*57:01, B*57:03, B*58:01"
66IF+163TEW,"B*08:01, B*59:01"
69AA+65QI,"B*07:02, B*07:14, B*27:03, B*27:04, B*27:05, B*27:06, B*27:08, B*42:01, B*42:02, B*54:01, B*55:01, B*55:02, B*55:04, B*56:01, B*56:03, B*67:01, B*73:01, B*81:01, B*82:01, B*82:02"
69AA+76E,"B*07:02, B*07:14, B*15:16, B*15:17, B*27:03, B*27:04, B*27:05, B*27:06, B*27:08, B*42:01, B*42:02, B*54:01, B*55:01, B*55:02, B*55:04, B*56:01, B*56:03, B*57:01, B*57:03, B*58:01, B*67:01, B*81:01, B*82:01, B*82:02"
69TNT+80N,"B*07:03, B*08:01, B*14:01, B*14:02, B*15:01, B*15:02, B*15:03, B*15:04, B*15:06, B*15:07, B*15:10, B*15:11, B*15:12, B*15:18, B*15:20, B*15:21, B*15:27, B*18:01, B*35:01, B*35:02, B*35:03, B*35:08, B*35:12, B*39:01, B*39:02, B*39:04, B*39:05, B*39:06, B*39:13, B*40:01, B*40:02, B*40:03, B*40:04, B*40:05, B*40:06, B*41:01, B*41:02, B*45:01, B*48:01, B*48:02, B*50:01, B*50:02, B*78:01"
79GT+90D,"A*01:01, A*01:02, A*11:01, A*11:02, A*26:01, A*26:02, A*26:03, A*34:01, A*34:02, A*36:01, A*43:01, A*66:01, A*80:01"
80I+69TNT,"B*15:13, B*15:24, B*38:01, B*49:01, B*51:01, B*51:02, B*52:01, B*53:01, B*59:01"
80I+90A,"A*23:01, A*24:02, A*24:03, A*32:01, B*15:13, B*15:16, B*15:17, B*15:24, B*38:01, B*49:01, B*51:01, B*51:02, B*52:01, B*53:01, B*57:01, B*57:03, B*58:01, B*59:01"
80K+14R,"C*02:02, C*02:10, C*04:03, C*05:01, C*06:02, C*15:02, C*15:05, C*16:02, C*17:01, C*17:03, C*18:01, C*18:02"
82LR+90A,"A*23:01, A*24:02, A*24:03, A*32:01, B*13:01, B*13:02, B*15:13, B*15:16, B*15:17, B*15:24, B*27:03, B*27:04, B*27:05, B*27:06, B*37:01, B*38:01, B*38:02, B*44:02, B*44:03, B*47:01, B*49:01, B*51:01, B*51:02, B*52:01, B*53:01, B*57:01, B*57:03, B*58:01, B*59:01"
82LR+138M,"A*23:01, A*24:02, A*24:03, A*25:01, A*32:01"
82LR+138T,"B*13:01, B*13:02, B*15:13, B*15:16, B*15:17, B*15:24, B*27:03, B*27:04, B*27:05, B*27:06, B*37:01, B*38:01, B*38:02, B*44:02, B*44:03, B*47:01, B*49:01, B*51:01, B*51:02, B*52:01, B*53:01, B*57:01, B*57:03, B*58:01, B*59:01"
82LR+144QR,"A*23:01, A*25:01, A*32:01, B*15:13, B*15:16, B*15:17, B*15:24, B*27:03, B*27:04, B*27:05, B*27:06, B*37:01, B*38:01, B*38:02, B*44:02, B*44:03, B*47:01, B*49:01, B*51:01, B*51:02, B*52:01, B*53:01, B*57:01, B*57:03, B*58:01, B*59:01"
82LR+145R,"A*23:01, A*24:02, A*24:03, A*25:01, A*32:01, B*15:13, B*15:16, B*15:17, B*15:24, B*27:03, B*27:04, B*27:05, B*27:06, B*37:01, B*38:01, B*38:02, B*44:02, B*44:03, B*47:01, B*49:01, B*51:01, B*51:02, B*52:01, B*53:01, B*57:01, B*57:03, B*58:01, B*59:01"
82LR+145RA,"A*23:01, A*24:02, A*24:03, A*32:01, B*15:13, B*15:16, B*15:17, B*15:24, B*27:03, B*27:04, B*27:05, B*27:06, B*37:01, B*38:01, B*38:02, B*44:02, B*44:03, B*47:01, B*49:01, B*51:01, B*51:02, B*52:01, B*53:01, B*57:01, B*57:03, B*58:01, B*59:01"
131S+163T,"B*14:01, B*14:02, B*18:01, B*37:01, B*38:01, B*38:02, B*39:01, B*39:02, B*39:04, B*39:05, B*39:06, B*39:13, B*54:01, B*55:01, B*55:02, B*59:01, B*67:01"
138MI+79GT,"A*01:01, A*01:02, A*03:01, A*03:02, A*11:01, A*11:02, A*26:01, A*26:02, A*26:03, A*29:01, A*29:02, A*30:01, A*30:02, A*31:01, A*33:01, A*33:03, A*34:01, A*34:02, A*36:01, A*43:01, A*66:01, A*66:02, A*74:01, A*80:01"
143S+76ESN,"B*40:01, B*48:01, B*81:01"
144KR+127K,"A*24:02, A*24:03"
144KR+151H,"A*01:01, A*01:02, A*03:01, A*03:02, A*11:01, A*11:02, A*24:02, A*24:03, A*36:01"
163EW+66I,"B*07:02, B*07:03, B*07:14, B*13:01, B*13:02, B*27:03, B*27:04, B*27:05, B*27:06, B*27:08, B*40:01, B*40:02, B*40:03, B*40:04, B*40:06, B*47:01, B*48:01, B*73:01, B*81:01"
163LW+65QIT,"B*15:01, B*15:02, B*15:03, B*15:04, B*15:06, B*15:07, B*15:10, B*15:11, B*15:13, B*15:18, B*15:20, B*15:21, B*15:24, B*15:27, B*35:01, B*35:02, B*35:03, B*35:08, B*35:12, B*40:05, B*48:02, B*49:01, B*50:01, B*51:01, B*51:02, B*52:01, B*53:01, B*78:01"
163EW+73TE,"B*07:02, B*07:03, B*07:14, B*13:01, B*13:02, B*27:03, B*27:04, B*27:05, B*27:06, B*27:08, B*40:01, B*40:02, B*40:03, B*40:04, B*40:06, B*47:01, B*48:01, B*81:01"
4Q,"DRB1*07:01, DRB1*09:01, DRB4*01:01, DRB4*01:03"
4R,"DRB1*01:01, DRB1*01:02, DRB1*01:03, DRB1*03:01, DRB1*03:02, DRB1*04:01, DRB1*04:02, DRB1*04:03, DRB1*04:04, DRB1*04:05, DRB1*04:06, DRB1*04:07, DRB1*04:10, DRB1*04:11, DRB1*08:01, DRB1*08:02, DRB1*08:03, DRB1*08:07, DRB1*10:01, DRB1*11:01, DRB1*11:03, DRB1*11:04, DRB1*12:01, DRB1*12:02, DRB1*13:01, DRB1*13:02, DRB1*13:03, DRB1*13:05, DRB1*14:01, DRB1*14:02, DRB1*14:03, DRB1*14:04, DRB1*14:05, DRB1*14:06, DRB1*14:54, DRB1*15:01, DRB1*15:02, DRB1*15:03, DRB1*16:01, DRB1*16:02, DRB3*01:01, DRB3*02:01, DRB3*02:02, DRB3*03:01, DRB5*01:01, DRB5*01:02, DRB5*02:02"
6C,DRB5*02:02
11STS,"DRB1*03:01, DRB1*03:02, DRB1*03:03, DRB1*11:01, DRB1*11:03, DRB1*11:04, DRB1*13:01, DRB1*13:02, DRB1*13:03, DRB1*13:05, DRB1*14:01, DRB1*14:02, DRB1*14:03, DRB1*14:05, DRB1*14:06, DRB1*14:54"
13FE,"DRB1*01:01, DRB1*01:02, DRB1*01:03, DRB1*09:01, DRB1*09:02, DRB1*10:01"
13SE,"DRB1*03:01, DRB1*03:02, DRB1*03:03, DRB1*11:01, DRB1*11:03, DRB1*11:04, DRB1*13:01, DRB1*13:02, DRB1*13:03, DRB1*13:05, DRB1*14:01, DRB1*14:02, DRB1*14:03, DRB1*14:05, DRB1*14:06, DRB1*14:54, DRB3*01:01, DRB3*02:01, DRB3*02:02, DRB3*03:01"
16H,"DRB1*01:01, DRB1*01:02, DRB1*01:03, DRB1*03:01, DRB1*03:02, DRB1*03:03, DRB1*04:01, DRB1*04:02, DRB1*04:03, DRB1*04:04, DRB1*04:05, DRB1*04:06, DRB1*04:07, DRB1*04:10, DRB1*04:11, DRB1*07:01, DRB1*09:01, DRB1*09:02, DRB1*10:01, DRB1*11:01, DRB1*11:03, DRB1*11:04, DRB1*13:01, DRB1*13:02, DRB1*13:03, DRB1*13:05, DRB1*14:01, DRB1*14:02, DRB1*14:03, DRB1*14:06, DRB1*14:54, DRB1*15:01, DRB1*15:02, DRB1*15:03, DRB1*16:01, DRB1*16:02, DRB3*01:01, DRB3*02:01, DRB3*02:02, DRB3*03:01, DRB4*01:01, DRB4*01:03, DRB5*01:01, DRB5*01:02, DRB5*02:02"
16Y,"DRB1*08:01, DRB1*08:02, DRB1*08:03, DRB1*08:07, DRB1*12:01, DRB1*12:02, DRB1*14:04"
25Q,DRB1*07:01
25R,"DRB1*01:01, DRB1*01:02, DRB1*01:03, DRB1*03:01, DRB1*03:02, DRB1*03:03, DRB1*04:01, DRB1*04:02, DRB1*04:03, DRB1*04:04, DRB1*04:05, DRB1*04:06, DRB1*04:07, DRB1*04:10, DRB1*04:11, DRB1*08:01, DRB1*08:02, DRB1*08:03, DRB1*08:07, DRB1*09:01, DRB1*09:02, DRB1*10:01, DRB1*11:01, DRB1*11:03, DRB1*11:04, DRB1*12:01, DRB1*12:02, DRB1*13:01, DRB1*13:02, DRB1*13:03, DRB1*13:05, DRB1*14:01, DRB1*14:02, DRB1*14:03, DRB1*14:04, DRB1*14:05, DRB1*14:06, DRB1*14:54, DRB1*15:01, DRB1*15:02, DRB1*15:03, DRB1*16:01, DRB1*16:02, DRB3*01:01, DRB3*02:01, DRB3*02:02, DRB3*03:01, DRB5*01:01, DRB5*01:02, DRB5*02:02"
26F,"DRB1*03:02, DRB1*03:03, DRB1*04:01, DRB1*04:02, DRB1*04:03, DRB1*04:04, DRB1*04:05, DRB1*04:06, DRB1*04:07, DRB1*04:10, DRB1*04:11, DRB1*07:01, DRB1*08:01, DRB1*08:02, DRB1*08:03, DRB1*08:07, DRB1*11:01, DRB1*11:03, DRB1*11:04, DRB1*13:01, DRB1*13:02, DRB1*13:03, DRB1*13:05, DRB1*14:01, DRB1*14:02, DRB1*14:03, DRB1*14:04, DRB1*14:05, DRB1*14:06, DRB1*14:54, DRB1*15:01, DRB1*15:02, DRB1*15:03, DRB1*16:01, DRB1*16:02, DRB3*02:01, DRB3*02:02, DRB3*03:01, DRB5*01:01, DRB5*01:02, DRB5*02:02"
26L,"DRB1*01:01, DRB1*01:02, DRB1*01:03, DRB1*10:01, DRB1*12:01, DRB1*12:02"
26Y,"DRB1*03:01, DRB1*09:01, DRB1*09:02, DRB3*01:01"
28D,"DRB1*03:01, DRB1*04:01, DRB1*04:02, DRB1*04:03, DRB1*04:04, DRB1*04:05, DRB1*04:06, DRB1*04:07, DRB1*04:10, DRB1*04:11, DRB1*08:01, DRB1*08:02, DRB1*08:03, DRB1*08:07, DRB1*11:01, DRB1*11:03, DRB1*11:04, DRB1*13:01, DRB1*13:02, DRB1*13:03, DRB1*13:05, DRB1*14:01, DRB1*14:04, DRB1*14:05, DRB1*14:54, DRB1*15:01, DRB1*15:02, DRB1*15:03, DRB1*16:01, DRB1*16:02, DRB3*01:01"
28H,"DRB1*09:01, DRB1*09:02, DRB5*01:01, DRB5*01:02, DRB5*02:02"
30C,"DRB1*01:01, DRB1*01:02, DRB1*01:03"
30D,DRB5*01:01
30G,"DRB1*09:01, DRB1*09:02, DRB5*01:02, DRB5*02:02"
30H,"DRB1*12:01, DRB1*12:02, DRB1*15:03, DRB3*02:01, DRB3*02:02"
30RV,DRB1*10:01
31F,"DRB1*03:01, DRB1*03:02, DRB1*03:03, DRB1*04:01, DRB1*04:02, DRB1*04:03, DRB1*04:04, DRB1*04:05, DRB1*04:06, DRB1*04:07, DRB1*04:10, DRB1*04:11, DRB1*07:01, DRB1*08:01, DRB1*08:02, DRB1*08:03, DRB1*08:07, DRB1*11:01, DRB1*11:03, DRB1*11:04, DRB1*12:01, DRB1*12:02, DRB1*13:01, DRB1*13:02, DRB1*13:03, DRB1*13:05, DRB1*14:01, DRB1*14:02, DRB1*14:03, DRB1*14:04, DRB1*14:05, DRB1*14:06, DRB1*14:54, DRB1*15:01, DRB1*15:02, DRB1*15:03, DRB1*16:01, DRB1*16:02, DRB3*01:01, DRB3*02:01, DRB3*02:02, DRB3*03:01"
31FH,"DRB1*03:01, DRB1*03:02, DRB1*03:03, DRB1*12:01, DRB1*12:02, DRB1*13:01, DRB1*13:02, DRB1*13:05, DRB1*14:01, DRB1*14:02, DRB1*14:03, DRB1*14:04, DRB1*14:05, DRB1*14:06, DRB1*14:54, DRB3*01:01, DRB3*02:01, DRB3*02:02, DRB3*03:01"
31FY,"DRB1*04:01, DRB1*04:02, DRB1*04:03, DRB1*04:04, DRB1*04:05, DRB1*04:06, DRB1*04:07, DRB1*04:10, DRB1*04:11, DRB1*07:01, DRB1*08:01, DRB1*08:02, DRB1*08:03, DRB1*08:07, DRB1*11:01, DRB1*11:03, DRB1*11:04, DRB1*13:03, DRB1*15:01, DRB1*15:02, DRB1*15:03, DRB1*16:01, DRB1*16:02"
31I,"DRB1*01:01, DRB1*01:02, DRB1*01:03, DRB1*09:01, DRB1*09:02, DRB4*01:01, DRB4*01:03, DRB5*01:01, DRB5*01:02, DRB5*02:02"
32H,"DRB1*03:01, DRB1*03:02, DRB1*03:03, DRB1*10:01, DRB1*12:01, DRB1*12:02, DRB1*13:01, DRB1*13:02, DRB1*13:05, DRB1*14:01, DRB1*14:02, DRB1*14:03, DRB1*14:04, DRB1*14:05, DRB1*14:06, DRB1*14:54, DRB3*01:01, DRB3*02:01, DRB3*02:02, DRB3*03:01"
32Y,"DRB1*01:01, DRB1*01:02, DRB1*01:03, DRB1*04:01, DRB1*04:02, DRB1*04:03, DRB1*04:04, DRB1*04:05, DRB1*04:06, DRB1*04:07, DRB1*04:10, DRB1*04:11, DRB1*07:01, DRB1*08:01, DRB1*08:02, DRB1*08:03, DRB1*08:07, DRB1*09:01, DRB1*09:02, DRB1*11:01, DRB1*11:03, DRB1*11:04, DRB1*13:03, DRB1*15:01, DRB1*15:02, DRB1*15:03, DRB1*16:01, DRB1*16:02, DRB4*01:01, DRB4*01:03, DRB5*01:01, DRB5*01:02, DRB5*02:02"
32YN,"DRB1*01:01, DRB1*01:02, DRB1*01:03, DRB1*07:01, DRB1*08:01, DRB1*08:02, DRB1*08:03, DRB1*08:07, DRB1*09:01, DRB1*09:02, DRB1*11:01, DRB1*11:03, DRB1*11:04, DRB1*13:03, DRB1*15:01, DRB1*15:02, DRB1*15:03, DRB1*16:01, DRB1*16:02, DRB4*01:01, DRB4*01:03, DRB5*01:01, DRB5*01:02, DRB5*02:02"
33N,"DRB1*01:01, DRB1*01:02, DRB1*01:03, DRB1*03:01, DRB1*03:02, DRB1*03:03, DRB1*07:01, DRB1*08:01, DRB1*08:02, DRB1*08:03, DRB1*08:07, DRB1*09:01, DRB1*09:02, DRB1*10:01, DRB1*11:01, DRB1*11:03, DRB1*11:04, DRB1*12:01, DRB1*12:02, DRB1*13:01, DRB1*13:02, DRB1*13:03, DRB1*13:05, DRB1*14:01, DRB1*14:02, DRB1*14:03, DRB1*14:04, DRB1*14:05, DRB1*14:06, DRB1*14:54, DRB1*15:01, DRB1*15:02, DRB1*15:03, DRB1*16:01, DRB1*16:02, DRB3*01:01, DRB3*02:01, DRB3*02:02, DRB3*03:01, DRB4*01:01, DRB4*01:03, DRB5*01:01, DRB5*01:02, DRB5*02:02"
37F,"DRB1*07:01, DRB1*14:01, DRB1*14:04, DRB1*14:05, DRB1*14:54, DRB3*01:01, DRB3*03:01"
37FL,DRB3*01:01
37FV,"DRB1*07:01, DRB1*14:01, DRB1*14:04, DRB1*14:05, DRB1*14:54, DRB3*03:01"
37L,"DRB1*12:01, DRB1*12:02"
37N,"DRB1*03:01, DRB1*03:02, DRB1*03:03, DRB1*09:01, DRB1*09:02, DRB1*13:01, DRB1*13:02, DRB1*13:05, DRB1*14:02, DRB1*14:03, DRB1*14:06, DRB5*01:02, DRB5*02:02"
37S,"DRB1*01:01, DRB1*01:02, DRB1*01:03, DRB1*04:06, DRB1*15:01, DRB1*15:02, DRB1*15:03, DRB1*16:01, DRB1*16:02"
37Y,"DRB1*04:01, DRB1*04:02, DRB1*04:03, DRB1*04:04, DRB1*04:05, DRB1*04:07, DRB1*04:10, DRB1*04:11, DRB1*08:01, DRB1*08:02, DRB1*08:03, DRB1*08:07, DRB1*10:01, DRB1*11:01, DRB1*11:03, DRB1*11:04, DRB1*13:03, DRB3*02:01, DRB3*02:02, DRB4*01:01, DRB4*01:03"
37YV,"DRB1*04:01, DRB1*04:02, DRB1*04:03, DRB1*04:04, DRB1*04:05, DRB1*04:07, DRB1*04:10, DRB1*04:11, DRB1*08:01, DRB1*08:02, DRB1*08:03, DRB1*08:07, DRB1*11:01, DRB1*11:03, DRB1*11:04, DRB1*13:03"
38A,"DRB1*10:01, DRB3*02:01, DRB3*02:02, DRB4*01:01, DRB4*01:03"
38L,"DRB1*12:01, DRB1*12:02, DRB3*01:01, DRB5*01:01"
38V,"DRB1*01:01, DRB1*01:02, DRB1*01:03, DRB1*03:01, DRB1*03:02, DRB1*03:03, DRB1*04:01, DRB1*04:02, DRB1*04:03, DRB1*04:04, DRB1*04:05, DRB1*04:06, DRB1*04:07, DRB1*04:10, DRB1*04:11, DRB1*07:01, DRB1*08:01, DRB1*08:02, DRB1*08:03, DRB1*08:07, DRB1*09:01, DRB1*09:02, DRB1*11:01, DRB1*11:03, DRB1*11:04, DRB1*13:01, DRB1*13:02, DRB1*13:03, DRB1*13:05, DRB1*14:01, DRB1*14:02, DRB1*14:03, DRB1*14:04, DRB1*14:05, DRB1*14:06, DRB1*14:54, DRB1*15:01, DRB1*15:02, DRB1*15:03, DRB1*16:01, DRB1*16:02, DRB3*03:01, DRB5*01:02, DRB5*02:02"
40F,"DRB1*01:01, DRB1*01:02, DRB1*01:03, DRB1*03:01, DRB1*03:02, DRB1*03:03, DRB1*04:01, DRB1*04:02, DRB1*04:03, DRB1*04:04, DRB1*04:05, DRB1*04:06, DRB1*04:07, DRB1*04:10, DRB1*04:11, DRB1*07:01, DRB1*08:01, DRB1*08:02, DRB1*08:03, DRB1*08:07, DRB1*09:01, DRB1*09:02, DRB1*11:01, DRB1*11:03, DRB1*11:04, DRB1*12:01, DRB1*12:02, DRB1*13:01, DRB1*13:02, DRB1*13:03, DRB1*13:05, DRB1*14:01, DRB1*14:02, DRB1*14:03, DRB1*14:04, DRB1*14:05, DRB1*14:06, DRB1*14:54, DRB1*15:01, DRB1*15:02, DRB1*15:03, DRB1*16:01, DRB1*16:02, DRB3*01:01, DRB3*02:01, DRB3*02:02, DRB3*03:01, DRB5*01:01, DRB5*01:02, DRB5*02:02"
47F,"DRB1*03:01, DRB1*11:01, DRB1*11:03, DRB1*11:04, DRB1*12:01, DRB1*12:02, DRB1*13:01, DRB1*13:02, DRB1*13:05, DRB1*15:01, DRB1*15:02, DRB1*15:03"
47Y,"DRB1*01:01, DRB1*01:02, DRB1*01:03, DRB1*03:02, DRB1*03:03, DRB1*04:01, DRB1*04:02, DRB1*04:03, DRB1*04:04, DRB1*04:05, DRB1*04:06, DRB1*04:07, DRB1*04:10, DRB1*04:11, DRB1*07:01, DRB1*08:01, DRB1*08:02, DRB1*08:03, DRB1*08:07, DRB1*09:01, DRB1*09:02, DRB1*10:01, DRB1*13:03, DRB1*14:01, DRB1*14:02, DRB1*14:03, DRB1*14:04, DRB1*14:05, DRB1*14:06, DRB1*14:54, DRB1*16:01, DRB1*16:02, DRB3*01:01, DRB3*02:01, DRB3*02:02, DRB3*03:01, DRB4*01:01, DRB4*01:03, DRB5*01:01, DRB5*01:02, DRB5*02:02"
47YR,"DRB1*01:01, DRB1*01:02, DRB1*01:03, DRB1*03:02, DRB1*03:03, DRB1*04:01, DRB1*04:02, DRB1*04:03, DRB1*04:04, DRB1*04:05, DRB1*04:06, DRB1*04:07, DRB1*04:10, DRB1*04:11, DRB1*07:01, DRB1*08:01, DRB1*08:02, DRB1*08:03, DRB1*08:07, DRB1*09:01, DRB1*09:02, DRB1*10:01, DRB1*13:03, DRB1*14:01, DRB1*14:02, DRB1*14:03, DRB1*14:04, DRB1*14:05, DRB1*14:06, DRB1*14:54, DRB1*16:01, DRB1*16:02, DRB3*01:01, DRB3*02:01, DRB3*02:02, DRB3*03:01, DRB5*01:01, DRB5*01:02, DRB5*02:02"
48Q,"DRB4*01:01, DRB4*01:03"
51R,"DRB3*02:01, DRB3*02:02"
57A,"DRB1*14:01, DRB1*14:04, DRB1*14:54"
57D,"DRB1*01:01, DRB1*01:02, DRB1*01:03, DRB1*03:01, DRB1*03:02, DRB1*03:03, DRB1*04:01, DRB1*04:02, DRB1*04:03, DRB1*04:04, DRB1*04:06, DRB1*04:07, DRB1*08:02, DRB1*09:02, DRB1*10:01, DRB1*11:01, DRB1*11:03, DRB1*11:04, DRB1*13:01, DRB1*13:02, DRB1*13:05, DRB1*14:02, DRB1*14:03, DRB1*14:05, DRB1*14:06, DRB1*15:01, DRB1*15:02, DRB1*15:03, DRB1*16:01, DRB1*16:02, DRB3*02:01, DRB3*02:02, DRB4*01:01, DRB4*01:03, DRB5*01:01, DRB5*01:02, DRB5*02:02"
57DA,"DRB1*01:01, DRB1*01:02, DRB1*01:03, DRB1*03:01, DRB1*03:02, DRB1*03:03, DRB1*04:01, DRB1*04:02, DRB1*04:03, DRB1*04:04, DRB1*04:06, DRB1*04:07, DRB1*08:02, DRB1*09:02, DRB1*10:01, DRB1*13:01, DRB1*13:02, DRB1*13:05, DRB1*14:02, DRB1*14:03, DRB1*14:05, DRB1*14:06, DRB1*15:01, DRB1*15:02, DRB1*15:03, DRB1*16:01, DRB1*16:02, DRB3*02:01, DRB3*02:02, DRB4*01:01, DRB4*01:03, DRB5*01:01, DRB5*01:02, DRB5*02:02"
57DE,"DRB1*11:01, DRB1*11:03, DRB1*11:04"
57S,"DRB1*04:05, DRB1*04:10, DRB1*04:11, DRB1*08:01, DRB1*08:03, DRB1*13:03"
57V,"DRB1*07:01, DRB1*09:01, DRB1*12:01, DRB1*12:02, DRB3*01:01, DRB3*03:01"
58A,"DRB1*01:01, DRB1*01:02, DRB1*01:03, DRB1*03:01, DRB1*03:02, DRB1*03:03, DRB1*04:01, DRB1*04:02, DRB1*04:03, DRB1*04:04, DRB1*04:05, DRB1*04:06, DRB1*04:07, DRB1*04:10, DRB1*04:11, DRB1*07:01, DRB1*08:01, DRB1*08:02, DRB1*08:03, DRB1*08:07, DRB1*09:01, DRB1*09:02, DRB1*10:01, DRB1*12:01, DRB1*12:02, DRB1*13:01, DRB1*13:02, DRB1*13:03, DRB1*13:05, DRB1*14:01, DRB1*14:02, DRB1*14:03, DRB1*14:04, DRB1*14:05, DRB1*14:06, DRB1*14:54, DRB1*15:01, DRB1*15:02, DRB1*15:03, DRB1*16:01, DRB1*16:02, DRB3*01:01, DRB3*02:01, DRB3*02:02, DRB3*03:01, DRB4*01:01, DRB4*01:03, DRB5*01:01, DRB5*01:02, DRB5*02:02"
58AY,"DRB1*01:01, DRB1*01:02, DRB1*01:03, DRB1*03:01, DRB1*03:02, DRB1*03:03, DRB1*04:01, DRB1*04:02, DRB1*04:03, DRB1*04:04, DRB1*04:05, DRB1*04:06, DRB1*04:07, DRB1*04:10, DRB1*04:11, DRB1*08:01, DRB1*08:02, DRB1*08:03, DRB1*08:07, DRB1*09:02, DRB1*10:01, DRB1*13:01, DRB1*13:02, DRB1*13:03, DRB1*13:05, DRB1*14:02, DRB1*14:03, DRB1*14:05, DRB1*14:06, DRB1*15:01, DRB1*15:02, DRB1*15:03, DRB1*16:01, DRB1*16:02, DRB3*02:01, DRB3*02:02, DRB4*01:01, DRB4*01:03, DRB5*01:01, DRB5*01:02, DRB5*02:02"
60Y,"DRB1*01:01, DRB1*01:02, DRB1*01:03, DRB1*03:01, DRB1*03:02, DRB1*03:03, DRB1*04:01, DRB1*04:02, DRB1*04:03, DRB1*04:04, DRB1*04:05, DRB1*04:06, DRB1*04:07, DRB1*04:10, DRB1*04:11, DRB1*08:01, DRB1*08:02, DRB1*08:03, DRB1*08:07, DRB1*09:02, DRB1*10:01, DRB1*11:01, DRB1*11:03, DRB1*11:04, DRB1*13:01, DRB1*13:02, DRB1*13:03, DRB1*13:05, DRB1*14:02, DRB1*14:03, DRB1*14:05, DRB1*14:06, DRB1*15:01, DRB1*15:02, DRB1*15:03, DRB1*16:01, DRB1*16:02, DRB3*02:01, DRB3*02:02, DRB4*01:01, DRB4*01:03, DRB5*01:01, DRB5*01:02, DRB5*02:02"
67F,"DRB1*08:01, DRB1*08:02, DRB1*08:07, DRB1*09:01, DRB1*09:02, DRB1*11:01, DRB1*11:03, DRB1*11:04, DRB1*12:02, DRB1*13:05, DRB1*16:01, DRB5*01:01, DRB5*01:02"
67I,"DRB1*01:03, DRB1*04:02, DRB1*07:01, DRB1*08:03, DRB1*12:01, DRB1*13:01, DRB1*13:02, DRB1*13:03, DRB1*15:01, DRB1*15:02, DRB1*15:03, DRB5*02:02"
67LQ,"DRB1*01:01, DRB1*01:02, DRB1*03:01, DRB1*03:02, DRB1*03:03, DRB1*04:01, DRB1*04:03, DRB1*04:04, DRB1*04:05, DRB1*04:06, DRB1*04:07, DRB1*04:10, DRB1*04:11, DRB1*14:02, DRB1*14:06, DRB3*01:01, DRB3*02:01, DRB3*02:02, DRB3*03:01"
70D,"DRB1*01:03, DRB1*04:02, DRB1*07:01, DRB1*08:01, DRB1*08:02, DRB1*08:03, DRB1*08:07, DRB1*11:01, DRB1*11:03, DRB1*11:04, DRB1*12:01, DRB1*12:02, DRB1*13:01, DRB1*13:02, DRB1*13:03, DRB1*13:05, DRB1*14:03, DRB1*16:01, DRB1*16:02, DRB5*01:01, DRB5*01:02"
70DA,"DRB1*01:03, DRB1*04:02, DRB1*08:01, DRB1*08:02, DRB1*08:03, DRB1*08:07, DRB1*11:01, DRB1*11:03, DRB1*11:04, DRB1*12:01, DRB1*12:02, DRB1*13:01, DRB1*13:02, DRB1*13:03, DRB1*13:05, DRB1*14:03, DRB1*16:01, DRB1*16:02, DRB5*01:01, DRB5*01:02"
70DR,"DRB1*07:01, DRB1*08:01, DRB1*08:02, DRB1*08:03, DRB1*08:07, DRB1*11:01, DRB1*11:04, DRB1*12:01, DRB1*12:02, DRB1*13:05, DRB1*14:03, DRB1*16:01, DRB1*16:02, DRB5*01:01, DRB5*01:02"
70DRA,"DRB1*08:01, DRB1*08:02, DRB1*08:03, DRB1*08:07, DRB1*11:01, DRB1*11:04, DRB1*12:01, DRB1*12:02, DRB1*13:05, DRB1*14:03, DRB1*16:01, DRB1*16:02, DRB5*01:01, DRB5*01:02"
70Q,"DRB1*01:01, DRB1*01:02, DRB1*03:01, DRB1*03:02, DRB1*03:03, DRB1*04:01, DRB1*04:03, DRB1*04:04, DRB1*04:05, DRB1*04:06, DRB1*04:07, DRB1*04:10, DRB1*04:11, DRB1*14:02, DRB1*14:06, DRB1*15:01, DRB1*15:02, DRB1*15:03, DRB3*01:01, DRB3*02:01, DRB3*02:02, DRB3*03:01, DRB5*02:02"
70QA,"DRB1*01:01, DRB1*01:02, DRB1*04:01, DRB1*04:03, DRB1*04:04, DRB1*04:05, DRB1*04:06, DRB1*04:07, DRB1*04:10, DRB1*04:11, DRB1*14:02, DRB1*14:06, DRB1*15:01, DRB1*15:02, DRB1*15:03, DRB5*02:02"
70QK,"DRB1*03:01, DRB1*03:02, DRB1*03:03, DRB1*04:01, DRB3*01:01, DRB3*02:01, DRB3*02:02, DRB3*03:01"
70QQ,"DRB3*02:01, DRB3*02:02, DRB3*03:01"
70QRA,"DRB1*01:01, DRB1*01:02, DRB1*04:03, DRB1*04:04, DRB1*04:05, DRB1*04:06, DRB1*04:07, DRB1*04:10, DRB1*04:11, DRB1*14:02, DRB1*14:06"
70QT,"DRB1*01:01, DRB1*01:02, DRB1*04:01, DRB1*04:03, DRB1*04:04, DRB1*04:05, DRB1*04:06, DRB1*04:07, DRB1*04:10, DRB1*04:11, DRB1*14:02, DRB1*14:06, DRB1*15:01, DRB1*15:02, DRB1*15:03, DRB5*02:02"
70R,"DRB1*09:01, DRB1*09:02, DRB1*10:01, DRB1*14:01, DRB1*14:04, DRB1*14:05, DRB1*14:54, DRB4*01:01, DRB4*01:03"
70RE,"DRB1*09:01, DRB1*09:02, DRB1*14:01, DRB1*14:04, DRB1*14:05, DRB1*14:54, DRB4*01:01, DRB4*01:03"
71A,"DRB1*15:01, DRB1*15:02, DRB1*15:03, DRB5*02:02"
71E,"DRB1*01:03, DRB1*04:02, DRB1*11:03, DRB1*13:01, DRB1*13:02"
71K,"DRB1*03:01, DRB1*03:02, DRB1*03:03, DRB1*04:01, DRB1*13:03, DRB3*01:01, DRB3*02:01, DRB3*02:02, DRB3*03:01"
71R,"DRB1*01:01, DRB1*01:02, DRB1*04:03, DRB1*04:04, DRB1*04:05, DRB1*04:06, DRB1*04:07, DRB1*04:10, DRB1*04:11, DRB1*07:01, DRB1*08:01, DRB1*08:02, DRB1*08:03, DRB1*08:07, DRB1*09:01, DRB1*09:02, DRB1*10:01, DRB1*11:01, DRB1*11:04, DRB1*12:01, DRB1*12:02, DRB1*13:05, DRB1*14:01, DRB1*14:02, DRB1*14:03, DRB1*14:04, DRB1*14:05, DRB1*14:06, DRB1*14:54, DRB1*16:01, DRB1*16:02, DRB4*01:01, DRB4*01:03, DRB5*01:01, DRB5*01:02"
73A,"DRB1*01:01, DRB1*01:02, DRB1*01:03, DRB1*04:01, DRB1*04:02, DRB1*04:03, DRB1*04:04, DRB1*04:05, DRB1*04:06, DRB1*04:07, DRB1*04:10, DRB1*04:11, DRB1*08:01, DRB1*08:02, DRB1*08:03, DRB1*08:07, DRB1*09:01, DRB1*09:02, DRB1*10:01, DRB1*11:01, DRB1*11:03, DRB1*11:04, DRB1*12:01, DRB1*12:02, DRB1*13:01, DRB1*13:02, DRB1*13:03, DRB1*13:05, DRB1*14:01, DRB1*14:02, DRB1*14:03, DRB1*14:04, DRB1*14:05, DRB1*14:06, DRB1*14:54, DRB1*15:01, DRB1*15:02, DRB1*15:03, DRB1*16:01, DRB1*16:02, DRB4*01:01, DRB4*01:03, DRB5*01:01, DRB5*01:02, DRB5*02:02"
73G,"DRB1*03:01, DRB1*03:02, DRB1*03:03, DRB1*07:01, DRB3*01:01, DRB3*02:01, DRB3*02:02, DRB3*03:01"
73GQ,"DRB1*07:01, DRB3*02:01, DRB3*02:02, DRB3*03:01"
74A,"DRB1*01:01, DRB1*01:02, DRB1*01:03, DRB1*04:01, DRB1*04:02, DRB1*04:04, DRB1*04:05, DRB1*04:10, DRB1*10:01, DRB1*11:01, DRB1*11:03, DRB1*11:04, DRB1*12:01, DRB1*12:02, DRB1*13:01, DRB1*13:02, DRB1*13:03, DRB1*13:05, DRB1*14:02, DRB1*14:06, DRB1*15:01, DRB1*15:02, DRB1*15:03, DRB1*16:01, DRB1*16:02, DRB5*01:01, DRB5*01:02, DRB5*02:02"
74E,"DRB1*04:03, DRB1*04:06, DRB1*04:07, DRB1*04:11, DRB1*09:01, DRB1*09:02, DRB1*14:01, DRB1*14:04, DRB1*14:05, DRB1*14:54, DRB4*01:01, DRB4*01:03"
74L,"DRB1*08:01, DRB1*08:02, DRB1*08:03, DRB1*08:07, DRB1*14:03"
74R,"DRB1*03:01, DRB1*03:02, DRB1*03:03, DRB3*01:01"
77N,"DRB1*03:01, DRB1*03:02, DRB1*03:03, DRB3*01:01, DRB3*02:01, DRB3*02:02, DRB3*03:01"
77T,"DRB1*01:01, DRB1*01:02, DRB1*01:03, DRB1*04:01, DRB1*04:02, DRB1*04:03, DRB1*04:04, DRB1*04:05, DRB1*04:06, DRB1*04:07, DRB1*04:10, DRB1*04:11, DRB1*07:01, DRB1*08:01, DRB1*08:02, DRB1*08:03, DRB1*08:07, DRB1*09:01, DRB1*09:02, DRB1*10:01, DRB1*11:01, DRB1*11:03, DRB1*11:04, DRB1*12:01, DRB1*12:02, DRB1*13:01, DRB1*13:02, DRB1*13:03, DRB1*13:05, DRB1*14:01, DRB1*14:02, DRB1*14:03, DRB1*14:04, DRB1*14:05, DRB1*14:06, DRB1*14:54, DRB1*15:01, DRB1*15:02, DRB1*15:03, DRB1*16:01, DRB1*16:02, DRB4*01:01, DRB4*01:03, DRB5*01:01, DRB5*01:02, DRB5*02:02"
77TY,"DRB1*01:01, DRB1*01:02, DRB1*01:03, DRB1*04:01, DRB1*04:02, DRB1*04:03, DRB1*04:04, DRB1*04:05, DRB1*04:06, DRB1*04:07, DRB1*04:10, DRB1*04:11, DRB1*08:01, DRB1*08:02, DRB1*08:03, DRB1*08:07, DRB1*10:01, DRB1*11:01, DRB1*11:03, DRB1*11:04, DRB1*12:01, DRB1*12:02, DRB1*13:01, DRB1*13:02, DRB1*13:03, DRB1*13:05, DRB1*14:01, DRB1*14:02, DRB1*14:03, DRB1*14:04, DRB1*14:05, DRB1*14:06, DRB1*14:54, DRB1*15:01, DRB1*15:02, DRB1*15:03, DRB1*16:01, DRB1*16:02, DRB4*01:01, DRB4*01:03, DRB5*01:01, DRB5*01:02, DRB5*02:02"
78Y,"DRB1*01:01, DRB1*01:02, DRB1*01:03, DRB1*03:01, DRB1*03:02, DRB1*03:03, DRB1*04:01, DRB1*04:02, DRB1*04:03, DRB1*04:04, DRB1*04:05, DRB1*04:06, DRB1*04:07, DRB1*04:10, DRB1*04:11, DRB1*08:01, DRB1*08:02, DRB1*08:03, DRB1*08:07, DRB1*10:01, DRB1*11:01, DRB1*11:03, DRB1*11:04, DRB1*12:01, DRB1*12:02, DRB1*13:01, DRB1*13:02, DRB1*13:03, DRB1*13:05, DRB1*14:01, DRB1*14:02, DRB1*14:03, DRB1*14:04, DRB1*14:05, DRB1*14:06, DRB1*14:54, DRB1*15:01, DRB1*15:02, DRB1*15:03, DRB1*16:01, DRB1*16:02, DRB3*01:01, DRB3*02:01, DRB3*02:02, DRB3*03:01, DRB4*01:01, DRB4*01:03, DRB5*01:01, DRB5*01:02, DRB5*02:02"
85A,"DRB1*01:02, DRB1*12:01, DRB1*12:02, DRB5*02:02"
85V,"DRB1*01:01, DRB1*01:03, DRB1*03:01, DRB1*03:02, DRB1*03:03, DRB1*04:01, DRB1*04:02, DRB1*04:03, DRB1*04:04, DRB1*04:05, DRB1*04:06, DRB1*04:07, DRB1*04:10, DRB1*04:11, DRB1*07:01, DRB1*08:01, DRB1*08:02, DRB1*08:03, DRB1*08:07, DRB1*09:01, DRB1*09:02, DRB1*10:01, DRB1*11:01, DRB1*11:03, DRB1*11:04, DRB1*13:01, DRB1*13:02, DRB1*13:03, DRB1*13:05, DRB1*14:01, DRB1*14:02, DRB1*14:03, DRB1*14:04, DRB1*14:05, DRB1*14:06, DRB1*14:54, DRB1*15:01, DRB1*15:02, DRB1*15:03, DRB1*16:01, DRB1*16:02, DRB3*01:01, DRB3*02:01, DRB3*02:02, DRB3*03:01, DRB4*01:01, DRB4*01:03, DRB5*01:01, DRB5*01:02"
85VV,"DRB1*03:01, DRB1*03:03, DRB1*04:02, DRB1*04:03, DRB1*04:04, DRB1*04:06, DRB1*04:10, DRB1*04:11, DRB1*11:03, DRB1*11:04, DRB1*13:01, DRB1*14:01, DRB1*14:04, DRB1*14:05, DRB1*14:06, DRB1*14:54, DRB1*15:01, DRB1*15:03, DRB3*02:01, DRB3*03:01, DRB4*01:01, DRB4*01:03"
86G,"DRB1*01:01, DRB1*01:03, DRB1*03:02, DRB1*04:01, DRB1*04:05, DRB1*04:07, DRB1*07:01, DRB1*08:01, DRB1*08:02, DRB1*08:03, DRB1*08:07, DRB1*09:01, DRB1*09:02, DRB1*10:01, DRB1*11:01, DRB1*13:02, DRB1*13:03, DRB1*13:05, DRB1*14:02, DRB1*14:03, DRB1*15:02, DRB1*16:01, DRB1*16:02, DRB3*01:01, DRB3*02:02, DRB5*01:01, DRB5*01:02"
86V,"DRB1*01:02, DRB1*03:01, DRB1*03:03, DRB1*04:02, DRB1*04:03, DRB1*04:04, DRB1*04:06, DRB1*04:10, DRB1*04:11, DRB1*11:03, DRB1*11:04, DRB1*12:01, DRB1*12:02, DRB1*13:01, DRB1*14:01, DRB1*14:04, DRB1*14:05, DRB1*14:06, DRB1*14:54, DRB1*15:01, DRB1*15:03, DRB3*02:01, DRB3*03:01, DRB4*01:01, DRB4*01:03, DRB5*02:02"
96EV,"DRB1*01:01, DRB1*01:02, DRB1*01:03, DRB5*01:01, DRB5*01:02, DRB5*02:02"
96H,"DRB1*03:01, DRB1*03:02, DRB1*07:01, DRB1*08:01, DRB1*08:02, DRB1*08:03, DRB1*08:07, DRB1*09:01, DRB1*11:01, DRB1*11:03, DRB1*11:04, DRB1*12:01, DRB1*12:02, DRB1*13:01, DRB1*13:02, DRB1*13:03, DRB1*13:05, DRB1*14:01, DRB1*14:02, DRB1*14:03, DRB1*14:04, DRB1*14:05, DRB1*14:06, DRB1*14:54, DRB3*01:01, DRB3*02:01, DRB3*02:02, DRB3*03:01"
96HK,"DRB1*03:01, DRB1*03:02, DRB1*08:01, DRB1*08:02, DRB1*08:03, DRB1*08:07, DRB1*11:01, DRB1*11:03, DRB1*11:04, DRB1*12:01, DRB1*12:02, DRB1*13:01, DRB1*13:02, DRB1*13:03, DRB1*13:05, DRB1*14:01, DRB1*14:02, DRB1*14:03, DRB1*14:04, DRB1*14:05, DRB1*14:06, DRB1*14:54"
96Q,"DRB1*10:01, DRB1*15:01, DRB1*15:02, DRB1*15:03, DRB1*16:01, DRB1*16:02, DRB4*01:01, DRB4*01:03"
96QN,"DRB1*10:01, DRB4*01:01, DRB4*01:03"
96Y,"DRB1*04:01, DRB1*04:02, DRB1*04:03, DRB1*04:04, DRB1*04:05, DRB1*04:06, DRB1*04:07, DRB1*04:10, DRB1*04:11"
98E,"DRB1*04:01, DRB1*04:02, DRB1*04:03, DRB1*04:04, DRB1*04:05, DRB1*04:06, DRB1*04:07, DRB1*04:10, DRB1*04:11, DRB1*07:01, DRB1*09:01"
98ES,"DRB1*07:01, DRB1*09:01"
98K,"DRB1*01:01, DRB1*01:02, DRB1*01:03, DRB1*03:01, DRB1*03:02, DRB1*08:01, DRB1*08:02, DRB1*08:03, DRB1*08:07, DRB1*10:01, DRB1*11:01, DRB1*11:03, DRB1*11:04, DRB1*12:01, DRB1*12:02, DRB1*13:01, DRB1*13:02, DRB1*13:03, DRB1*13:05, DRB1*14:01, DRB1*14:02, DRB1*14:03, DRB1*14:04, DRB1*14:05, DRB1*14:06, DRB1*14:54, DRB1*15:01, DRB1*15:02, DRB1*15:03, DRB1*16:01, DRB1*16:02, DRB4*01:01, DRB4*01:03, DRB5*01:01, DRB5*01:02, DRB5*02:02"
98KN,"DRB1*10:01, DRB4*01:01, DRB4*01:03, DRB5*01:01, DRB5*01:02, DRB5*02:02"
98KS,"DRB1*01:01, DRB1*01:02, DRB1*01:03, DRB1*03:01, DRB1*03:02, DRB1*08:01, DRB1*08:02, DRB1*08:03, DRB1*08:07, DRB1*11:01, DRB1*11:03, DRB1*11:04, DRB1*12:01, DRB1*12:02, DRB1*13:01, DRB1*13:02, DRB1*13:03, DRB1*13:05, DRB1*14:01, DRB1*14:02, DRB1*14:03, DRB1*14:04, DRB1*14:05, DRB1*14:06, DRB1*14:54, DRB1*15:01, DRB1*15:02, DRB1*15:03, DRB1*16:01, DRB1*16:02"
98Q,"DRB3*01:01, DRB3*02:01, DRB3*02:02, DRB3*03:01"
104A,"DRB1*04:01, DRB1*04:02, DRB1*04:03, DRB1*04:04, DRB1*04:05, DRB1*04:06, DRB1*04:07, DRB1*04:10, DRB1*04:11, DRB1*07:01, DRB1*09:01, DRB3*01:01, DRB3*02:01, DRB3*02:02, DRB3*03:01, DRB5*01:01, DRB5*01:02, DRB5*02:02"
104AK,"DRB1*04:01, DRB1*04:02, DRB1*04:03, DRB1*04:04, DRB1*04:05, DRB1*04:06, DRB1*04:07, DRB1*04:10, DRB1*04:11, DRB1*07:01, DRB1*09:01, DRB3*01:01, DRB3*02:01, DRB3*02:02, DRB3*03:01"
108P,"DRB1*01:01, DRB1*01:02, DRB1*01:03, DRB1*03:01, DRB1*03:02, DRB1*04:01, DRB1*04:02, DRB1*04:03, DRB1*04:04, DRB1*04:05, DRB1*04:06, DRB1*04:07, DRB1*04:10, DRB1*04:11, DRB1*07:01, DRB1*08:01, DRB1*08:02, DRB1*08:03, DRB1*08:07, DRB1*09:01, DRB1*10:01, DRB1*11:01, DRB1*11:03, DRB1*11:04, DRB1*12:01, DRB1*12:02, DRB1*13:01, DRB1*13:02, DRB1*13:03, DRB1*13:05, DRB1*14:01, DRB1*14:02, DRB1*14:03, DRB1*14:04, DRB1*14:05, DRB1*14:06, DRB1*14:54, DRB1*15:01, DRB1*15:02, DRB1*15:03, DRB1*16:01, DRB1*16:02, DRB3*01:01, DRB3*02:01, DRB3*02:02, DRB3*03:01, DRB4*01:01, DRB4*01:03"
108T,"DRB5*01:01, DRB5*01:02, DRB5*02:02"
112H,"DRB1*01:01, DRB1*01:02, DRB1*01:03, DRB1*03:01, DRB1*03:02, DRB1*04:01, DRB1*04:02, DRB1*04:03, DRB1*04:04, DRB1*04:05, DRB1*04:06, DRB1*04:07, DRB1*04:10, DRB1*04:11, DRB1*07:01, DRB1*08:01, DRB1*08:02, DRB1*08:03, DRB1*08:07, DRB1*09:01, DRB1*10:01, DRB1*11:01, DRB1*11:03, DRB1*11:04, DRB1*12:01, DRB1*12:02, DRB1*13:01, DRB1*13:02, DRB1*13:03, DRB1*13:05, DRB1*14:02, DRB1*14:03, DRB1*14:04, DRB1*14:05, DRB1*14:06, DRB1*14:54, DRB1*15:01, DRB1*15:02, DRB1*15:03, DRB1*16:01, DRB1*16:02, DRB3*01:01, DRB3*02:01, DRB3*02:02, DRB3*03:01, DRB4*01:01, DRB4*01:03, DRB5*01:01, DRB5*01:02, DRB5*02:02"
112Y,DRB1*14:01
120N,"DRB1*04:01, DRB1*04:02, DRB1*04:03, DRB1*04:04, DRB1*04:05, DRB1*04:06, DRB1*04:07, DRB1*04:10, DRB1*04:11, DRB1*10:01, DRB4*01:01, DRB4*01:03, DRB5*01:01, DRB5*01:02, DRB5*02:02"
120S,"DRB1*01:01, DRB1*01:02, DRB1*01:03, DRB1*03:01, DRB1*03:02, DRB1*07:01, DRB1*08:01, DRB1*08:02, DRB1*08:03, DRB1*08:07, DRB1*09:01, DRB1*11:01, DRB1*11:03, DRB1*11:04, DRB1*12:01, DRB1*12:02, DRB1*13:01, DRB1*13:02, DRB1*13:03, DRB1*13:05, DRB1*14:01, DRB1*14:02, DRB1*14:03, DRB1*14:04, DRB1*14:05, DRB1*14:06, DRB1*14:54, DRB1*15:01, DRB1*15:02, DRB1*15:03, DRB1*16:01, DRB1*16:02, DRB3*01:01, DRB3*02:01, DRB3*02:02, DRB3*03:01"
133RS,"DRB4*01:01, DRB5*01:01, DRB5*01:02"
140A,"DRB1*01:01, DRB1*01:02, DRB1*01:03, DRB1*07:01, DRB1*09:01, DRB1*15:01, DRB1*15:02, DRB1*15:03, DRB1*16:01, DRB1*16:02, DRB3*01:01, DRB3*02:01, DRB3*02:02, DRB4*01:01, DRB4*01:03, DRB5*01:01, DRB5*01:02, DRB5*02:02"
140AV,"DRB1*01:01, DRB1*01:02, DRB1*01:03, DRB1*07:01, DRB1*09:01, DRB3*01:01, DRB3*02:01, DRB3*02:02, DRB4*01:01, DRB4*01:03, DRB5*01:01, DRB5*01:02, DRB5*02:02"
140TV,"DRB1*03:01, DRB1*03:02, DRB1*04:01, DRB1*04:02, DRB1*04:03, DRB1*04:04, DRB1*04:05, DRB1*04:06, DRB1*04:07, DRB1*04:10, DRB1*04:11, DRB1*08:01, DRB1*08:02, DRB1*08:03, DRB1*08:07, DRB1*10:01, DRB1*11:01, DRB1*11:03, DRB1*11:04, DRB1*12:01, DRB1*12:02, DRB1*13:01, DRB1*13:02, DRB1*13:03, DRB1*13:05, DRB1*14:01, DRB1*14:02, DRB1*14:03, DRB1*14:04, DRB1*14:05, DRB1*14:06, DRB1*14:54, DRB3*03:01"
142M,"DRB1*15:01, DRB1*15:02, DRB1*15:03, DRB1*16:01, DRB1*16:02"
149H,"DRB1*03:01, DRB1*03:02, DRB1*08:01, DRB1*08:02, DRB1*08:03, DRB1*08:07, DRB1*11:01, DRB1*11:03, DRB1*11:04, DRB1*12:01, DRB1*12:02, DRB1*13:01, DRB1*13:02, DRB1*13:03, DRB1*13:05, DRB1*14:01, DRB1*14:02, DRB1*14:03, DRB1*14:04, DRB1*14:05, DRB1*14:06, DRB1*14:54, DRB3*03:01"
149Q,"DRB1*01:01, DRB1*01:02, DRB1*01:03, DRB1*04:01, DRB1*04:02, DRB1*04:03, DRB1*04:04, DRB1*04:05, DRB1*04:06, DRB1*04:07, DRB1*04:10, DRB1*04:11, DRB1*07:01, DRB1*09:01, DRB1*10:01, DRB1*15:01, DRB1*15:02, DRB1*15:03, DRB1*16:01, DRB1*16:02, DRB3*01:01, DRB3*02:01, DRB3*02:02, DRB4*01:01, DRB4*01:03, DRB5*01:01, DRB5*01:02, DRB5*02:02"
180V,"DRB1*01:01, DRB1*01:02, DRB1*01:03, DRB1*03:01, DRB1*03:02, DRB1*07:01, DRB1*08:01, DRB1*08:02, DRB1*08:03, DRB1*08:07, DRB1*09:01, DRB1*10:01, DRB1*11:01, DRB1*11:03, DRB1*11:04, DRB1*12:01, DRB1*12:02, DRB1*13:01, DRB1*13:02, DRB1*13:03, DRB1*13:05, DRB1*14:01, DRB1*14:02, DRB1*14:03, DRB1*14:04, DRB1*14:05, DRB1*14:06, DRB1*14:54, DRB1*15:01, DRB1*15:02, DRB1*15:03, DRB1*16:01, DRB1*16:02, DRB3*01:01, DRB3*02:01, DRB3*02:02, DRB3*03:01, DRB5*01:01, DRB5*01:02, DRB5*02:02"
180VMP,"DRB1*07:01, DRB1*09:01, DRB1*10:01"
180VTP,"DRB1*01:01, DRB1*01:02, DRB1*01:03, DRB1*03:01, DRB1*03:02, DRB1*08:01, DRB1*08:02, DRB1*08:03, DRB1*08:07, DRB1*11:01, DRB1*11:03, DRB1*11:04, DRB1*12:01, DRB1*12:02, DRB1*13:01, DRB1*13:02, DRB1*13:03, DRB1*13:05, DRB1*14:01, DRB1*14:02, DRB1*14:03, DRB1*14:04, DRB1*14:05, DRB1*14:06, DRB1*14:54, DRB1*15:01, DRB1*15:02, DRB1*15:03, DRB1*16:01, DRB1*16:02, DRB3*02:01, DRB3*02:02, DRB3*03:01, DRB5*01:01, DRB5*01:02, DRB5*02:02"
181M,"DRB1*07:01, DRB1*09:01, DRB1*10:01, DRB4*01:01, DRB4*01:03"
181T,"DRB1*01:01, DRB1*01:02, DRB1*01:03, DRB1*03:01, DRB1*03:02, DRB1*04:01, DRB1*04:02, DRB1*04:03, DRB1*04:04, DRB1*04:05, DRB1*04:06, DRB1*04:07, DRB1*04:10, DRB1*04:11, DRB1*08:01, DRB1*08:02, DRB1*08:03, DRB1*08:07, DRB1*11:01, DRB1*11:03, DRB1*11:04, DRB1*12:01, DRB1*12:02, DRB1*13:01, DRB1*13:02, DRB1*13:03, DRB1*13:05, DRB1*14:01, DRB1*14:02, DRB1*14:03, DRB1*14:04, DRB1*14:05, DRB1*14:06, DRB1*14:54, DRB1*15:01, DRB1*15:02, DRB1*15:03, DRB1*16:01, DRB1*16:02, DRB3*01:01, DRB3*02:01, DRB3*02:02, DRB3*03:01, DRB5*01:01, DRB5*01:02, DRB5*02:02"
189R,"DRB1*01:01, DRB1*01:02, DRB1*01:03, DRB1*03:01, DRB1*03:02, DRB1*04:01, DRB1*04:02, DRB1*04:03, DRB1*04:04, DRB1*04:05, DRB1*04:06, DRB1*04:07, DRB1*04:10, DRB1*04:11, DRB1*07:01, DRB1*09:01, DRB1*10:01, DRB1*11:01, DRB1*11:03, DRB1*11:04, DRB1*12:01, DRB1*12:02, DRB1*13:01, DRB1*13:02, DRB1*13:03, DRB1*13:05, DRB1*14:01, DRB1*14:02, DRB1*14:03, DRB1*14:04, DRB1*14:05, DRB1*14:06, DRB1*14:54, DRB1*15:01, DRB1*15:02, DRB1*15:03, DRB1*16:01, DRB1*16:02, DRB3*01:01, DRB3*03:01, DRB5*01:01, DRB5*01:02, DRB5*02:02"
189S,"DRB1*08:01, DRB1*08:02, DRB1*08:03, DRB1*08:07, DRB3*02:01, DRB3*02:02, DRB4*01:01, DRB4*01:03"
77N+85VG,"DRB1*03:02, DRB3*01:01, DRB3*02:02"
2D,"DQA1*01:01, DQA1*01:02, DQA1*01:03, DQA1*02:01, DQA1*03:01, DQA1*03:02, DQA1*03:03, DQA1*04:01, DQA1*05:01, DQA1*05:03, DQA1*05:05, DQA1*06:01"
2G,DQA1*01:04
3P,DQB1*06:01
3S,"DQB1*02:01, DQB1*02:02, DQB1*03:01, DQB1*03:02, DQB1*03:03, DQB1*03:19, DQB1*04:01, DQB1*04:02, DQB1*05:01, DQB1*05:02, DQB1*05:03, DQB1*06:02, DQB1*06:03, DQB1*06:04, DQB1*06:09"
9F,"DQB1*04:01, DQB1*04:02, DQB1*06:02"
9Y,"DQB1*02:01, DQB1*02:02, DQB1*03:01, DQB1*03:02, DQB1*03:03, DQB1*03:19, DQB1*05:01, DQB1*05:02, DQB1*05:03, DQB1*06:03, DQB1*06:04, DQB1*06:09"
13GM,"DQB1*02:01, DQB1*02:02, DQB1*03:02, DQB1*03:03, DQB1*04:01, DQB1*04:02, DQB1*06:02, DQB1*06:03, DQB1*06:04, DQB1*06:09"
23L,DQB1*04:01
23R,"DQB1*02:01, DQB1*02:02, DQB1*03:01, DQB1*03:02, DQB1*03:03, DQB1*03:19, DQB1*04:02, DQB1*05:01, DQB1*05:02, DQB1*05:03, DQB1*06:01, DQB1*06:02, DQB1*06:03, DQB1*06:04, DQB1*06:09"
25FT,"DQA1*01:03, DQA1*02:01, DQA1*06:01"
25YT,"DQA1*01:01, DQA1*01:02, DQA1*01:04, DQA1*04:01, DQA1*05:01, DQA1*05:03, DQA1*05:05"
26L,"DQB1*02:01, DQB1*02:02, DQB1*03:02, DQB1*03:03, DQB1*06:02, DQB1*06:03, DQB1*06:04, DQB1*06:09"
30H,"DQB1*05:01, DQB1*05:02, DQB1*05:03, DQB1*06:03, DQB1*06:04"
37YA,"DQB1*03:01, DQB1*03:02, DQB1*03:03, DQB1*03:19, DQB1*04:01, DQB1*04:02, DQB1*06:02, DQB1*06:03, DQB1*06:04, DQB1*06:09"
37YV,"DQB1*05:01, DQB1*05:02, DQB1*05:03"
40E,"DQA1*01:01, DQA1*01:02, DQA1*01:03, DQA1*01:04, DQA1*02:01, DQA1*03:01, DQA1*03:02, DQA1*03:03"
40ERV,"DQA1*02:01, DQA1*03:01, DQA1*03:02, DQA1*03:03"
40GR,"DQA1*04:01, DQA1*05:01, DQA1*05:03, DQA1*05:05, DQA1*06:01"
45EV,"DQB1*03:01, DQB1*03:19"
45G,"DQB1*02:01, DQB1*02:02, DQB1*03:02, DQB1*03:03, DQB1*04:01, DQB1*04:02, DQB1*05:01, DQB1*05:02, DQB1*05:03, DQB1*06:01, DQB1*06:02, DQB1*06:03, DQB1*06:04, DQB1*06:09"
45GV,"DQB1*03:02, DQB1*03:03, DQB1*04:01, DQB1*04:02, DQB1*05:01, DQB1*05:02, DQB1*05:03, DQB1*06:01, DQB1*06:02, DQB1*06:03, DQB1*06:04, DQB1*06:09"
46VY,"DQB1*03:01, DQB1*03:02, DQB1*03:03, DQB1*03:19, DQB1*04:01, DQB1*04:02, DQB1*05:01, DQB1*05:02, DQB1*05:03, DQB1*06:01, DQB1*06:02, DQB1*06:03, DQB1*06:04, DQB1*06:09"
47KHL,DQA1*02:01
52LL,"DQB1*02:01, DQB1*02:02"
52PQ,"DQB1*05:01, DQB1*05:02, DQB1*05:03, DQB1*06:01, DQB1*06:02, DQB1*06:03, DQB1*06:04, DQB1*06:09"
52SK,"DQA1*01:01, DQA1*01:02, DQA1*01:03, DQA1*01:04"
55PP,"DQB1*03:01, DQB1*03:02, DQB1*03:03, DQB1*03:19"
55PPA,DQB1*03:02
55PPD,"DQB1*03:01, DQB1*03:03, DQB1*03:19"
55R,"DQA1*02:01, DQA1*03:01, DQA1*03:02, DQA1*03:03, DQA1*04:01, DQA1*05:01, DQA1*05:03, DQA1*05:05, DQA1*06:01, DQB1*04:01, DQB1*04:02, DQB1*05:01, DQB1*05:02, DQB1*05:03, DQB1*06:01, DQB1*06:02, DQB1*06:03, DQB1*06:04, DQB1*06:09"
55RPD,"DQB1*05:03, DQB1*06:01, DQB1*06:02, DQB1*06:03"
56L,"DQB1*04:01, DQB1*04:02"
56P,"DQB1*02:01, DQB1*02:02, DQB1*03:01, DQB1*03:02, DQB1*03:03, DQB1*03:19, DQB1*05:01, DQB1*05:02, DQB1*05:03, DQB1*06:01, DQB1*06:02, DQB1*06:03, DQB1*06:04, DQB1*06:09"
56PA,"DQB1*02:01, DQB1*02:02, DQB1*03:02"
56PD,"DQB1*03:01, DQB1*03:03, DQB1*03:19, DQB1*05:03, DQB1*06:01, DQB1*06:02, DQB1*06:03"
56PS,DQB1*05:02
57V,"DQB1*05:01, DQB1*06:04, DQB1*06:09"
61FT,"DQA1*02:01, DQA1*03:01, DQA1*03:02, DQA1*03:03, DQA1*04:01, DQA1*05:01, DQA1*05:03, DQA1*05:05, DQA1*06:01"
66D,"DQB1*02:01, DQB1*02:02, DQB1*04:01, DQB1*04:02, DQB1*06:01"
66DR,"DQB1*02:01, DQB1*02:02, DQB1*06:01"
66ER,"DQB1*03:01, DQB1*03:02, DQB1*03:03, DQB1*03:19, DQB1*06:04, DQB1*06:09"
66EV,"DQB1*03:01, DQB1*03:02, DQB1*03:03, DQB1*03:19, DQB1*05:01, DQB1*05:02, DQB1*05:03, DQB1*06:02, DQB1*06:03, DQB1*06:04, DQB1*06:09"
66IL,"DQA1*02:01, DQA1*03:01, DQA1*03:02, DQA1*03:03, DQA1*05:01, DQA1*05:03, DQA1*05:05"
66IT,"DQA1*04:01, DQA1*06:01"
67VG,"DQB1*05:01, DQB1*05:02, DQB1*05:03, DQB1*06:02, DQB1*06:03"
67VT,"DQB1*03:01, DQB1*03:02, DQB1*03:03, DQB1*03:19, DQB1*06:02, DQB1*06:03, DQB1*06:04, DQB1*06:09"
70GT,"DQB1*06:02, DQB1*06:03"
70RT,"DQB1*03:01, DQB1*03:02, DQB1*03:03, DQB1*03:19, DQB1*06:01, DQB1*06:04, DQB1*06:09"
74EL,"DQB1*03:01, DQB1*03:02, DQB1*03:03, DQB1*03:19, DQB1*06:01, DQB1*06:02, DQB1*06:03, DQB1*06:04, DQB1*06:09"
74S,"DQB1*04:01, DQB1*04:02, DQB1*05:01, DQB1*05:02, DQB1*05:03"
75I,"DQA1*01:01, DQA1*01:02, DQA1*01:03, DQA1*01:04, DQA1*02:01, DQA1*03:01, DQA1*03:02, DQA1*03:03, DQA1*04:01, DQA1*06:01"
75IL,"DQA1*02:01, DQA1*04:01, DQA1*06:01"
75S,"DQA1*05:01, DQA1*05:03, DQA1*05:05"
75V,"DQB1*02:01, DQB1*02:02, DQB1*04:01, DQB1*04:02, DQB1*05:01, DQB1*05:02, DQB1*05:03"
76L,"DQA1*02:01, DQA1*04:01, DQA1*05:01, DQA1*05:03, DQA1*05:05, DQA1*06:01"
76V,"DQA1*03:01, DQA1*03:02, DQA1*03:03"
77R,"DQB1*02:01, DQB1*02:02, DQB1*05:01, DQB1*05:02, DQB1*05:03"
77T,"DQB1*03:01, DQB1*03:02, DQB1*03:03, DQB1*03:19, DQB1*04:01, DQB1*04:02, DQB1*06:01, DQB1*06:02, DQB1*06:03, DQB1*06:04, DQB1*06:09"
84QL,"DQB1*02:01, DQB1*02:02, DQB1*03:01, DQB1*03:02, DQB1*03:03, DQB1*03:19, DQB1*04:01, DQB1*04:02"
86A,"DQB1*05:01, DQB1*05:02, DQB1*05:03, DQB1*06:01, DQB1*06:02, DQB1*06:03"
87F,"DQB1*06:01, DQB1*06:02, DQB1*06:03"
87Y,"DQB1*05:01, DQB1*05:02, DQB1*05:03, DQB1*06:04, DQB1*06:09"
116I,"DQB1*05:01, DQB1*05:02, DQB1*05:03"
125G,"DQB1*06:01, DQB1*06:02, DQB1*06:03, DQB1*06:04, DQB1*06:09"
125SQ,"DQB1*05:01, DQB1*05:03"
129H,"DQA1*01:03, DQA1*02:01, DQA1*03:01, DQA1*03:02, DQA1*03:03, DQA1*04:01, DQA1*05:01, DQA1*05:03, DQA1*05:05, DQA1*06:01"
129QS,"DQA1*01:01, DQA1*01:02, DQA1*01:04"
130A,DQA1*01:03
130Q,"DQB1*06:04, DQB1*06:09"
130R,"DQB1*02:01, DQB1*02:02, DQB1*03:01, DQB1*03:02, DQB1*03:03, DQB1*03:19, DQB1*04:01, DQB1*04:02, DQB1*05:01, DQB1*05:02, DQB1*05:03, DQB1*06:01, DQB1*06:02, DQB1*06:03"
135D,"DQB1*02:01, DQB1*03:01, DQB1*03:02, DQB1*03:03, DQB1*03:19, DQB1*04:01, DQB1*04:02, DQB1*05:01, DQB1*05:02, DQB1*05:03, DQB1*06:01, DQB1*06:02, DQB1*06:03, DQB1*06:04, DQB1*06:09"
135G,DQB1*02:02
160A,"DQA1*01:01, DQA1*01:02, DQA1*01:03, DQA1*01:04, DQA1*02:01, DQA1*03:01, DQA1*04:01, DQA1*05:01, DQA1*05:05, DQA1*06:01"
160AD,"DQA1*01:01, DQA1*01:02, DQA1*01:03, DQA1*01:04, DQA1*02:01, DQA1*03:01, DQA1*04:01, DQA1*06:01"
160D,"DQA1*03:02, DQA1*03:03"
160S,DQA1*05:03
167H,"DQB1*03:01, DQB1*03:19, DQB1*06:01"
167R,"DQB1*02:01, DQB1*02:02, DQB1*03:02, DQB1*03:03, DQB1*04:01, DQB1*04:02, DQB1*05:01, DQB1*05:02, DQB1*05:03, DQB1*06:02, DQB1*06:03, DQB1*06:04, DQB1*06:09"
175E,"DQA1*02:01, DQA1*03:01, DQA1*03:02, DQA1*03:03, DQA1*04:01, DQA1*06:01"
182N,"DQB1*03:01, DQB1*03:02, DQB1*03:03, DQB1*03:19, DQB1*04:01, DQB1*04:02"
182S,"DQB1*02:01, DQB1*02:02, DQB1*05:01, DQB1*05:02, DQB1*05:03, DQB1*06:01, DQB1*06:02, DQB1*06:03, DQB1*06:04, DQB1*06:09"
185I,"DQB1*03:02, DQB1*03:03, DQB1*03:19, DQB1*04:01, DQB1*04:02"
185T,"DQB1*02:01, DQB1*02:02, DQB1*03:01, DQB1*05:01, DQB1*05:02, DQB1*05:03, DQB1*06:01, DQB1*06:02, DQB1*06:03, DQB1*06:04, DQB1*06:09"
8L,"DPB1*02:01, DPB1*02:02, DPB1*04:01, DPB1*04:02, DPB1*05:01, DPB1*105:01, DPB1*19:01, DPB1*23:01, DPB1*28:01, DPB1*31:01, DPB1*40:01"
8V,"DPB1*01:01, DPB1*03:01, DPB1*06:01, DPB1*09:01, DPB1*10:01, DPB1*107:01, DPB1*11:01, DPB1*13:01, DPB1*14:01, DPB1*15:01, DPB1*17:01, DPB1*18:01, DPB1*20:01, DPB1*26:01, DPB1*30:01, DPB1*85:01"
8VG,"DPB1*01:01, DPB1*15:01, DPB1*18:01"
9H,"DPB1*09:01, DPB1*10:01, DPB1*14:01, DPB1*17:01, DPB1*30:01"
9Y,"DPB1*01:01, DPB1*03:01, DPB1*06:01, DPB1*107:01, DPB1*11:01, DPB1*13:01, DPB1*15:01, DPB1*18:01, DPB1*20:01, DPB1*26:01, DPB1*85:01"
9YL,"DPB1*03:01, DPB1*06:01, DPB1*107:01, DPB1*11:01, DPB1*13:01, DPB1*20:01, DPB1*26:01, DPB1*85:01"
11A,"DPA1*01:03, DPA1*01:04, DPA1*01:05, DPA1*02:01, DPA1*04:01"
11G,"DPB1*01:01, DPB1*02:01, DPB1*02:02, DPB1*04:01, DPB1*04:02, DPB1*05:01, DPB1*105:01, DPB1*15:01, DPB1*18:01, DPB1*19:01, DPB1*23:01, DPB1*28:01, DPB1*31:01, DPB1*40:01"
11L,"DPB1*03:01, DPB1*06:01, DPB1*09:01, DPB1*10:01, DPB1*107:01, DPB1*11:01, DPB1*13:01, DPB1*14:01, DPB1*17:01, DPB1*20:01, DPB1*26:01, DPB1*30:01, DPB1*85:01"
11M,"DPA1*02:02, DPA1*03:01"
28D,"DPA1*01:04, DPA1*04:01"
28E,"DPA1*01:03, DPA1*01:05, DPA1*02:01, DPA1*02:02, DPA1*03:01"
31M,"DPA1*01:03, DPA1*01:04, DPA1*01:05, DPA1*03:01, DPA1*04:01"
31Q,"DPA1*02:01, DPA1*02:02"
33E,"DPB1*01:01, DPB1*02:01, DPB1*02:02, DPB1*03:01, DPB1*04:01, DPB1*04:02, DPB1*05:01, DPB1*06:01, DPB1*09:01, DPB1*10:01, DPB1*105:01, DPB1*107:01, DPB1*13:01, DPB1*14:01, DPB1*17:01, DPB1*18:01, DPB1*19:01, DPB1*20:01, DPB1*23:01, DPB1*26:01, DPB1*28:01, DPB1*30:01, DPB1*31:01, DPB1*40:01, DPB1*85:01"
33EA,"DPB1*01:01, DPB1*04:01, DPB1*107:01, DPB1*13:01, DPB1*26:01, DPB1*28:01, DPB1*31:01, DPB1*40:01, DPB1*85:01"
33EYA,"DPB1*01:01, DPB1*107:01, DPB1*13:01, DPB1*26:01, DPB1*40:01, DPB1*85:01"
35F,"DPB1*02:01, DPB1*03:01, DPB1*04:01, DPB1*04:02, DPB1*06:01, DPB1*09:01, DPB1*10:01, DPB1*105:01, DPB1*14:01, DPB1*17:01, DPB1*18:01, DPB1*19:01, DPB1*20:01, DPB1*23:01, DPB1*28:01, DPB1*30:01, DPB1*31:01"
35FA,"DPB1*04:01, DPB1*28:01, DPB1*31:01"
35FV,"DPB1*02:01, DPB1*03:01, DPB1*04:02, DPB1*06:01, DPB1*09:01, DPB1*10:01, DPB1*105:01, DPB1*14:01, DPB1*17:01, DPB1*18:01, DPB1*19:01, DPB1*20:01, DPB1*23:01, DPB1*30:01"
35LV,"DPB1*02:02, DPB1*05:01"
35YA,"DPB1*01:01, DPB1*107:01, DPB1*11:01, DPB1*13:01, DPB1*15:01, DPB1*26:01, DPB1*40:01, DPB1*85:01"
36A,"DPB1*01:01, DPB1*04:01, DPB1*107:01, DPB1*11:01, DPB1*13:01, DPB1*15:01, DPB1*26:01, DPB1*28:01, DPB1*31:01, DPB1*40:01, DPB1*85:01"
36V,"DPB1*02:01, DPB1*02:02, DPB1*03:01, DPB1*04:02, DPB1*05:01, DPB1*06:01, DPB1*09:01, DPB1*10:01, DPB1*105:01, DPB1*14:01, DPB1*17:01, DPB1*18:01, DPB1*19:01, DPB1*20:01, DPB1*23:01, DPB1*30:01"
50Q,"DPA1*01:03, DPA1*01:04, DPA1*01:05, DPA1*03:01"
50R,"DPA1*02:01, DPA1*02:02, DPA1*04:01"
55A,"DPB1*01:01, DPB1*04:01, DPB1*107:01, DPB1*11:01, DPB1*13:01, DPB1*15:01, DPB1*23:01, DPB1*26:01, DPB1*31:01, DPB1*40:01, DPB1*85:01"
55EAE,"DPB1*02:02, DPB1*05:01, DPB1*19:01, DPB1*30:01"
56A,"DPB1*01:01, DPB1*02:02, DPB1*04:01, DPB1*05:01, DPB1*107:01, DPB1*11:01, DPB1*13:01, DPB1*15:01, DPB1*19:01, DPB1*23:01, DPB1*26:01, DPB1*30:01, DPB1*31:01, DPB1*40:01, DPB1*85:01"
56E,"DPB1*02:01, DPB1*03:01, DPB1*04:02, DPB1*06:01, DPB1*09:01, DPB1*10:01, DPB1*105:01, DPB1*14:01, DPB1*17:01, DPB1*18:01, DPB1*20:01, DPB1*28:01"
56EE,"DPB1*02:01, DPB1*04:02, DPB1*10:01, DPB1*105:01, DPB1*18:01, DPB1*28:01"
57D,"DPB1*03:01, DPB1*06:01, DPB1*09:01, DPB1*14:01, DPB1*17:01, DPB1*20:01"
57E,"DPB1*01:01, DPB1*02:01, DPB1*02:02, DPB1*04:01, DPB1*04:02, DPB1*05:01, DPB1*10:01, DPB1*105:01, DPB1*107:01, DPB1*11:01, DPB1*13:01, DPB1*15:01, DPB1*18:01, DPB1*19:01, DPB1*23:01, DPB1*26:01, DPB1*28:01, DPB1*30:01, DPB1*31:01, DPB1*40:01, DPB1*85:01"
65I,"DPA1*01:03, DPA1*01:04, DPA1*01:05, DPA1*02:01, DPA1*02:02, DPA1*03:01, DPA1*04:01, DPB1*01:01, DPB1*02:01, DPB1*02:02, DPB1*04:01, DPB1*04:02, DPB1*05:01, DPB1*09:01, DPB1*10:01, DPB1*105:01, DPB1*107:01, DPB1*13:01, DPB1*17:01, DPB1*18:01, DPB1*19:01, DPB1*23:01, DPB1*26:01, DPB1*30:01, DPB1*40:01, DPB1*85:01"
65IE,"DPB1*02:01, DPB1*02:02, DPB1*09:01, DPB1*10:01, DPB1*107:01, DPB1*13:01, DPB1*17:01, DPB1*19:01, DPB1*30:01"
65IK,"DPB1*01:01, DPB1*04:01, DPB1*04:02, DPB1*05:01, DPB1*105:01, DPB1*18:01, DPB1*23:01, DPB1*26:01, DPB1*40:01, DPB1*85:01"
65L,"DPB1*03:01, DPB1*06:01, DPB1*11:01, DPB1*14:01, DPB1*15:01, DPB1*20:01, DPB1*28:01, DPB1*31:01"
65LE,DPB1*06:01
65LK,"DPB1*03:01, DPB1*14:01, DPB1*20:01, DPB1*28:01, DPB1*31:01"
66S,DPA1*03:01
69E,"DPB1*02:01, DPB1*02:02, DPB1*06:01, DPB1*09:01, DPB1*10:01, DPB1*107:01, DPB1*13:01, DPB1*17:01, DPB1*19:01, DPB1*30:01"
69K,"DPB1*01:01, DPB1*03:01, DPB1*04:01, DPB1*04:02, DPB1*05:01, DPB1*105:01, DPB1*14:01, DPB1*18:01, DPB1*20:01, DPB1*23:01, DPB1*26:01, DPB1*28:01, DPB1*31:01, DPB1*40:01, DPB1*85:01"
69R,"DPB1*11:01, DPB1*15:01"
76I,"DPB1*107:01, DPB1*13:01, DPB1*19:01"
76M,"DPB1*02:01, DPB1*02:02, DPB1*04:01, DPB1*04:02, DPB1*05:01, DPB1*06:01, DPB1*105:01, DPB1*11:01, DPB1*15:01, DPB1*17:01, DPB1*18:01, DPB1*20:01, DPB1*23:01, DPB1*28:01, DPB1*30:01, DPB1*31:01, DPB1*40:01, DPB1*85:01"
76V,"DPB1*01:01, DPB1*03:01, DPB1*09:01, DPB1*10:01, DPB1*14:01, DPB1*26:01"
83A,"DPA1*01:05, DPA1*02:01, DPA1*02:02, DPA1*04:01"
84DEAV,"DPB1*01:01, DPB1*03:01, DPB1*05:01, DPB1*06:01, DPB1*09:01, DPB1*10:01, DPB1*107:01, DPB1*11:01, DPB1*13:01, DPB1*14:01, DPB1*17:01, DPB1*19:01, DPB1*20:01, DPB1*26:01, DPB1*30:01, DPB1*31:01, DPB1*85:01"
84GGPM,"DPB1*02:01, DPB1*02:02, DPB1*04:01, DPB1*04:02, DPB1*105:01, DPB1*23:01"
84VGPM,"DPB1*15:01, DPB1*18:01, DPB1*28:01, DPB1*40:01"
85GPM,"DPB1*02:01, DPB1*02:02, DPB1*04:01, DPB1*04:02, DPB1*105:01, DPB1*15:01, DPB1*18:01, DPB1*23:01, DPB1*28:01, DPB1*40:01"
96K,"DPB1*01:01, DPB1*03:01, DPB1*05:01, DPB1*06:01, DPB1*09:01, DPB1*10:01, DPB1*107:01, DPB1*11:01, DPB1*13:01, DPB1*14:01, DPB1*15:01, DPB1*18:01, DPB1*19:01, DPB1*20:01, DPB1*85:01"
96R,"DPB1*02:01, DPB1*02:02, DPB1*04:01, DPB1*04:02, DPB1*105:01, DPB1*17:01, DPB1*23:01, DPB1*28:01, DPB1*30:01, DPB1*31:01, DPB1*40:01"
111R,"DPA1*02:01, DPA1*02:02"
127L,"DPA1*01:03, DPA1*01:04, DPA1*01:05, DPA1*03:01"
127P,"DPA1*02:01, DPA1*02:02, DPA1*04:01"
160F,"DPA1*01:03, DPA1*01:04, DPA1*01:05, DPA1*03:01"
160V,"DPA1*02:01, DPA1*02:02, DPA1*04:01"
178L,"DPB1*01:01, DPB1*02:01, DPB1*02:02, DPB1*03:01, DPB1*04:01, DPB1*05:01, DPB1*06:01, DPB1*09:01, DPB1*10:01, DPB1*105:01, DPB1*107:01, DPB1*11:01, DPB1*13:01, DPB1*14:01, DPB1*15:01, DPB1*17:01, DPB1*18:01, DPB1*19:01, DPB1*20:01, DPB1*23:01, DPB1*28:01, DPB1*30:01, DPB1*31:01, DPB1*40:01, DPB1*85:01"
178M,DPB1*04:02
190A,DPA1*04:01
190T,"DPA1*01:03, DPA1*01:04, DPA1*01:05, DPA1*02:01, DPA1*02:02, DPA1*03:01"