PBM_Group,Allele
1,HLA-A*02:01
1,HLA-A*02:02
1,HLA-A*02:03
1,HLA-A*02:04
1,HLA-A*02:07
1,HLA-A*02:11
1,HLA-A*02:12
1,HLA-A*02:16
1,HLA-A*02:17
1,HLA-A*02:19
1,HLA-A*02:20
1,HLA-A*02:50
1,HLA-A*69:01
2,HLA-A*02:05
2,HLA-A*02:06
2,HLA-A*68:02
3,HLA-A*23:01
3,HLA-A*24:02
3,HLA-A*24:03
3,HLA-A*24:06
3,HLA-A*24:13
4,HLA-A*03:01
4,HLA-A*11:01
4,HLA-A*30:01
4,HLA-A*31:01
4,HLA-A*33:01
4,HLA-A*66:01
4,HLA-A*68:01
5,HLA-A*03:19
5,HLA-A*32:01
5,HLA-A*32:07
5,HLA-A*32:15
5,HLA-A*68:23
6,HLA-A*01:01
6,HLA-A*26:02
6,HLA-A*26:03
6,HLA-A*29:02
6,HLA-A*30:02
6,HLA-A*80:01
7,HLA-A*25:01
7,HLA-A*26:01
8,HLA-B*18:01
8,HLA-B*18:03
8,HLA-B*40:01
8,HLA-B*40:02
8,HLA-B*41:01
8,HLA-B*41:03
8,HLA-B*44:02
8,HLA-B*44:03
8,HLA-B*44:27
8,HLA-B*44:28
8,HLA-B*45:01
8,HLA-B*49:01
8,HLA-B*50:01
9,HLA-B*14:01
9,HLA-B*14:02
9,HLA-B*27:01
9,HLA-B*27:02
9,HLA-B*27:03
9,HLA-B*27:04
9,HLA-B*27:05
9,HLA-B*27:06
9,HLA-B*27:07
9,HLA-B*27:08
9,HLA-B*27:09
9,HLA-B*39:24
9,HLA-B*73:01
10,HLA-B*07:02
10,HLA-B*35:01
10,HLA-B*35:02
10,HLA-B*35:03
10,HLA-B*35:08
10,HLA-B*39:06
10,HLA-B*51:01
10,HLA-B*51:08
10,HLA-B*53:01
10,HLA-B*54:01
10,HLA-B*56:01
11,HLA-B*13:01
11,HLA-B*13:02
11,HLA-B*44:08
11,HLA-B*52:01
12,HLA-B*15:17
12,HLA-B*57:01
12,HLA-B*58:01
13,HLA-B*15:01
13,HLA-B*15:02
13,HLA-B*15:03
13,HLA-B*15:11
13,HLA-B*46:01
14,HLA-B*15:09
14,HLA-B*15:10
14,HLA-B*15:18
14,HLA-B*38:01
14,HLA-B*39:01
15,HLA-B*15:42
15,HLA-B*27:20
15,HLA-B*40:13
15,HLA-B*45:06
15,HLA-B*48:01
15,HLA-B*83:01
16,HLA-B*08:01
16,HLA-B*08:02
16,HLA-B*37:01
17,HLA-C*02:02
17,HLA-C*12:02
17,HLA-C*12:03
17,HLA-C*12:04
17,HLA-C*16:01
18,HLA-C*01:02
18,HLA-C*03:04
18,HLA-C*03:03
18,HLA-C*17:01
19,HLA-C*14:02
19,HLA-C*15:02
19,HLA-C*15:05
20,HLA-C*04:01
20,HLA-C*05:01
20,HLA-C*08:02
21,HLA-C*06:02
21,HLA-C*07:01
21,HLA-C*07:02